match_date,home,away,score,selection,model_prob,market_odds,closing_odds,edge_pct,stake,won,pnl,bankroll_after,clv_pct
2023-08-12,Kasimpasa,Ankaragucu,3-2,Under 2.5,0.4858054030108996,2.3,2.09,11.735242692506898,225.67774408667114,False,-225.67774408667114,9774.322255913328,10.047846889952151
2023-08-13,Ad. Demirspor,Rizespor,2-1,Over 2.5,0.721127191038213,1.53,1.45,10.332460228846596,476.38111308091766,True,252.48198993288634,10026.804245846215,5.517241379310356
2023-08-18,Istanbulspor,Kayserispor,1-1,Over 2.5,0.6133798408617519,1.7,1.69,4.274572946497823,153.0725220325848,False,-153.0725220325848,9873.731723813631,0.591715976331364
2023-08-18,Antalyaspor,Konyaspor,1-1,Under 2.5,0.5682454573799336,2.0,1.93,13.649091475986719,336.9186687692107,True,336.9186687692107,10210.650392582842,3.62694300518136
2023-08-19,Rizespor,Alanyaspor,0-0,Over 2.5,0.6706957055352316,1.67,1.69,12.006182824383682,457.42886331796484,False,-457.42886331796484,9753.221529264878,-1.183431952662728
2023-08-19,Galatasaray,Trabzonspor,2-0,Under 2.5,0.4273613375153269,2.5,2.53,6.840334378831736,111.19216088498712,True,166.78824132748065,9920.009770592358,-1.1857707509881354
2023-08-20,Buyuksehyr,Karagumruk,0-2,Under 2.5,0.4747816004710248,2.2,1.91,4.451952103625456,92.00710076286215,True,110.40852091543461,10030.418291507793,15.18324607329844
2023-08-20,Besiktas,Pendikspor,1-1,Over 2.5,0.9997061301814334,1.44,1.43,43.957682746126416,501.52091457538967,False,-501.52091457538967,9528.897376932404,0.6993006993007089
2023-08-20,Gaziantep,Sivasspor,1-3,Under 2.5,0.5452915848566615,2.1,1.88,14.511232819898922,314.26374625815964,False,-314.26374625815964,9214.633630674245,11.70212765957448
2023-08-21,Ankaragucu,Ad. Demirspor,1-1,Under 2.5,0.4417338366737694,2.7,2.15,19.26813590191776,261.1011957091369,True,443.87203270553283,9658.505663379778,25.581395348837233
2023-08-21,Samsunspor,Fenerbahce,0-2,Under 2.5,0.5929297950280097,2.4,2.06,42.303150806722314,482.9252831689889,True,676.0953964365845,10334.601059816363,16.50485436893203
2023-08-26,Kasimpasa,Pendikspor,1-1,Over 2.5,0.809758159322742,1.6,1.8,29.561305491638734,516.7300529908182,False,-516.7300529908182,9817.871006825544,-11.111111111111105
2023-08-27,Kayserispor,Samsunspor,2-1,Under 2.5,0.6883155005810584,2.0,1.92,37.66310011621168,490.8935503412772,False,-490.8935503412772,9326.977456484266,4.166666666666674
2023-08-27,Alanyaspor,Hatayspor,0-0,Over 2.5,0.6524299592342099,1.7,1.92,10.913093069815671,363.5220465810197,False,-363.5220465810197,8963.455409903247,-11.458333333333337
2023-09-01,Kasimpasa,Trabzonspor,1-5,Over 2.5,0.6358736130833884,1.75,1.92,11.277882289592966,336.9626500696805,True,252.72198755226037,9216.177397455507,-8.854166666666663
2023-09-01,Rizespor,Karagumruk,1-0,Over 2.5,0.6461248603183656,1.73,2.04,11.779600835077254,371.79072249070856,False,-371.79072249070856,8844.386674964799,-15.19607843137255
2023-09-02,Buyuksehyr,Konyaspor,0-1,Under 2.5,0.6283400806257603,1.83,1.83,14.98623475451415,399.229081237106,True,331.360137426798,9175.746812391597,0.0
2023-09-02,Pendikspor,Alanyaspor,1-1,Over 2.5,0.658989901813264,1.7,1.78,12.028283308254872,394.1731508009384,False,-394.1731508009384,8781.573661590659,-4.49438202247191
2023-09-02,Gaziantep,Galatasaray,0-3,Under 2.5,0.44644638419183147,2.5,2.55,11.611596047957873,169.94681003962822,False,-169.94681003962822,8611.626851551031,-1.9607843137254832
2023-09-16,Ad. Demirspor,Pendikspor,3-0,Over 2.5,0.7038282871457738,1.48,1.48,4.1665864975745315,186.88066750949352,True,89.70272040455691,8701.329571955588,0.0
2023-09-16,Galatasaray,Samsunspor,4-2,Under 2.5,0.5281484477531941,2.7,2.6,42.600080893362424,435.06647859777945,False,-435.06647859777945,8266.26309335781,3.8461538461538547
2023-09-17,Istanbulspor,Buyuksehyr,0-2,Under 2.5,0.570066408140018,1.93,1.88,10.022816771023457,222.71838808010483,True,207.12810091449745,8473.391194272306,2.659574468085113
2023-09-17,Alanyaspor,Kasimpasa,3-3,Over 2.5,0.6703794447072591,1.7,1.88,13.964505600234034,422.59542423353366,True,295.8167969634735,8769.20799123578,-9.57446808510638
2023-09-18,Karagumruk,Hatayspor,0-0,Over 2.5,0.668424007445796,1.85,1.89,23.65844137747226,438.460399561789,False,-438.460399561789,8330.747591673991,-2.116402116402105
2023-09-18,Sivasspor,Ankaragucu,1-3,Under 2.5,0.5650011367339471,1.88,1.84,6.220213705982047,147.2131544057034,False,-147.2131544057034,8183.534437268288,2.1739130434782483
2023-09-22,Gaziantep,Istanbulspor,2-0,Under 2.5,0.5008051985957764,2.08,2.18,4.167481307921506,78.94612685196186,True,85.26181700011882,8268.796254268407,-4.587155963302758
2023-09-23,Buyuksehyr,Galatasaray,1-2,Under 2.5,0.6119565883214901,2.08,2.06,27.286970370869955,413.4398127134204,False,-413.4398127134204,7855.356441554987,0.9708737864077666
2023-09-24,Kasimpasa,Ad. Demirspor,2-1,Over 2.5,0.6964027498462388,1.5,1.5,4.460412476935827,175.19064941345042,True,87.59532470672522,7942.951766261713,0.0
2023-09-24,Alanyaspor,Fenerbahce,0-1,Over 2.5,0.7043436775878207,1.57,1.6,10.581957381287843,368.6490222465198,False,-368.6490222465198,7574.302744015193,-1.8750000000000044
2023-09-24,Ankaragucu,Konyaspor,1-1,Under 2.5,0.5884083248090191,1.98,1.96,16.50484831218577,318.90999454220207,True,312.53179465135804,7886.8345386665505,1.0204081632652962
2023-09-25,Hatayspor,Trabzonspor,3-2,Over 2.5,0.6186883430720934,1.73,1.9,7.033083351472169,189.96152290997026,True,138.6719117242783,8025.506450390829,-8.947368421052627
2023-09-26,Istanbulspor,Galatasaray,0-1,Under 2.5,0.43736501014599727,2.88,2.89,25.96112292204722,277.06271206154133,True,520.8778986756977,8546.384349066526,-0.34602076124568004
2023-09-28,Fenerbahce,Buyuksehyr,4-0,Under 2.5,0.5171492265772597,2.35,2.41,21.530068245656043,340.7485894240905,False,-340.7485894240905,8205.635759642435,-2.4896265560165998
2023-09-30,Istanbulspor,Antalyaspor,1-2,Under 2.5,0.5355312507939183,2.08,2.08,11.390500165135009,216.35716545195575,False,-216.35716545195575,7989.278594190479,0.0
2023-09-30,Galatasaray,Ankaragucu,2-1,Under 2.5,0.4847043884714328,2.7,2.91,30.87018488728688,362.69192252750497,False,-362.69192252750497,7626.586671662974,-7.216494845360821
2023-10-01,Konyaspor,Besiktas,0-2,Under 2.5,0.5244858793736591,2.08,1.89,9.093062909721095,160.53016757377742,True,173.37258097967964,7799.959252642654,10.052910052910068
2023-10-01,Ad. Demirspor,Alanyaspor,4-0,Over 2.5,0.7364950214999831,1.53,1.52,12.683738289497427,389.9979626321327,True,206.69892019503038,8006.658172837684,0.6578947368421018
2023-10-01,Karagumruk,Kasimpasa,2-3,Over 2.5,0.6739621620845067,1.7,1.91,14.573567554366118,400.3329086418842,True,280.23303604931897,8286.891208887004,-10.994764397905755
2023-10-02,Kayserispor,Buyuksehyr,0-0,Under 2.5,0.5367354519718877,1.95,1.87,4.66341313451808,101.69788765222673,True,96.61299326961539,8383.504202156619,4.278074866310155
2023-10-06,Ad. Demirspor,Trabzonspor,1-0,Over 2.5,0.7096878789037246,1.48,1.55,5.033806077751257,219.7965333628599,False,-219.7965333628599,8163.707668793759,-4.516129032258065
2023-10-06,Alanyaspor,Karagumruk,2-1,Over 2.5,0.6616667413562958,2.03,2.0,34.318348495328024,408.18538343968794,True,420.43094494287845,8584.138613736637,1.4999999999999902
2023-10-07,Pendikspor,Sivasspor,2-3,Under 2.5,0.6110581096190787,2.0,1.76,22.211621923815738,429.20693068683187,False,-429.20693068683187,8154.9316830498055,13.636363636363647
2023-10-07,Antalyaspor,Galatasaray,0-2,Under 2.5,0.5200712371617198,2.25,2.35,17.016028361386937,277.529097607897,True,346.9113720098712,8501.843055059677,-4.255319148936176
2023-10-07,Buyuksehyr,Gaziantep,2-0,Under 2.5,0.5539789397026254,1.88,1.85,4.148040664093555,100.18747361400277,True,88.16497678032242,8590.00803184,1.621621621621605
2023-10-08,Besiktas,Istanbulspor,2-0,Under 2.5,0.39315099677402554,2.7,2.78,6.15076912898691,77.69875914704555,True,132.08789054997743,8722.095922389977,-2.877697841726601
2023-10-08,Kasimpasa,Fenerbahce,0-2,Over 2.5,0.6933094857573333,1.5,1.51,3.996422863600002,174.28591781375803,False,-174.28591781375803,8547.810004576218,-0.6622516556291425
2023-10-21,Galatasaray,Besiktas,2-1,Under 2.5,0.49452733447931063,2.35,2.51,16.213923602638005,256.6547007112289,False,-256.6547007112289,8291.155303864989,-6.374501992031856
2023-10-21,Konyaspor,Pendikspor,1-2,Over 2.5,0.5295098792998032,1.95,2.03,3.2544264634616127,71.00777693044321,True,67.45738808392105,8358.61269194891,-3.9408866995073843
2023-10-21,Kayserispor,Rizespor,3-1,Over 2.5,0.5529543378285608,1.98,1.93,9.48495889005505,202.24769836996887,True,198.20274440256946,8556.81543635148,2.590673575129543
2023-10-22,Sivasspor,Kasimpasa,0-1,Over 2.5,0.5853332858830921,1.85,1.78,8.28665788837204,208.55118274995772,False,-208.55118274995772,8348.264253601523,3.93258426966292
2023-10-22,Istanbulspor,Ankaragucu,2-1,Under 2.5,0.5475519489861699,2.05,2.05,12.248149542164821,243.45425951338183,False,-243.45425951338183,8104.809994088141,0.0
2023-10-22,Fenerbahce,Hatayspor,4-2,Over 2.5,0.7342577869858591,1.44,1.4,5.733121325963708,264.01056261358224,True,116.16464754997617,8220.974641638117,2.857142857142869
2023-10-22,Samsunspor,Buyuksehyr,0-0,Under 2.5,0.6352293727591414,1.9,1.85,20.693580824236847,411.0487320819059,True,369.94385887371527,8590.918500511832,2.7027027027026973
2023-10-23,Trabzonspor,Alanyaspor,1-0,Over 2.5,0.7034081380818726,1.67,1.8,17.469159059672723,429.54592502559166,False,-429.54592502559166,8161.372575486241,-7.22222222222223
2023-10-28,Rizespor,Galatasaray,0-1,Under 2.5,0.43746816893504714,2.4,2.71,4.992360544411301,72.75806148946079,True,101.86128608524508,8263.233861571485,-11.439114391143912
2023-10-29,Karagumruk,Trabzonspor,0-0,Over 2.5,0.6366299433700494,1.75,2.13,11.410240089758638,314.2849409278471,False,-314.2849409278471,7948.948920643638,-17.84037558685445
2023-10-29,Ankaragucu,Samsunspor,2-0,Under 2.5,0.6092831561999439,2.0,1.88,21.85663123998878,397.4474460321819,True,397.4474460321819,8346.39636667582,6.382978723404253
2023-10-29,Antalyaspor,Buyuksehyr,1-0,Under 2.5,0.6520432189895271,1.73,1.77,12.803476885188193,365.9688114909334,True,267.1572323883813,8613.553599064202,-2.259887005649719
2023-11-03,Galatasaray,Kasimpasa,2-1,Under 2.5,0.3420806488227254,4.0,3.91,36.83225952909015,264.38053469038425,False,-264.38053469038425,8349.173064373817,2.3017902813299296
2023-11-04,Samsunspor,Hatayspor,2-1,Under 2.5,0.6808906294351994,1.88,1.9,28.00743833381747,417.45865321869087,False,-417.45865321869087,7931.714411155126,-1.0526315789473717
2023-11-05,Buyuksehyr,Ankaragucu,3-3,Under 2.5,0.6421356114602987,1.83,1.83,17.510816897234683,396.5857205577563,False,-396.5857205577563,7535.12869059737,0.0
2023-11-05,Konyaspor,Karagumruk,1-1,Over 2.5,0.5260705992782638,1.98,2.11,4.161978657096244,80.0026652773973,False,-80.0026652773973,7455.1260253199725,-6.16113744075829
2023-11-05,Antalyaspor,Besiktas,3-2,Under 2.5,0.5279451562939222,1.98,1.98,4.533140946196612,86.21208429702521,False,-86.21208429702521,7368.913941022947,0.0
2023-11-06,Kayserispor,Alanyaspor,1-0,Over 2.5,0.6418701417954867,1.75,1.8,12.327274814210188,302.7954241108481,False,-302.7954241108481,7066.118516912099,-2.777777777777779
2023-11-06,Gaziantep,Rizespor,2-0,Under 2.5,0.5674622258668882,1.93,1.82,9.520209592309413,180.83583141156402,True,168.17732321275452,7234.295840124853,6.043956043956045
2023-11-08,Samsunspor,Istanbulspor,2-1,Under 2.5,0.6608332815223945,2.05,2.15,35.47082271209086,361.7147920062427,False,-361.7147920062427,6872.581048118611,-4.651162790697683
2023-11-10,Ankaragucu,Antalyaspor,0-4,Under 2.5,0.5753850232392674,1.83,1.84,5.295459252785939,109.61889428247295,False,-109.61889428247295,6762.962153836138,-0.5434782608695676
2023-11-11,Kasimpasa,Kayserispor,3-4,Over 2.5,0.627788096829488,1.73,1.64,8.607340751501425,199.35314982046452,True,145.5277993689391,6908.489953205077,5.487804878048785
2023-11-11,Karagumruk,Sivasspor,3-0,Over 2.5,0.5369426923028431,2.05,2.08,10.073251922082815,165.69276119003084,True,173.97739924953234,7082.467352454609,-1.4423076923077094
2023-11-11,Hatayspor,Galatasaray,2-1,Under 2.5,0.41504772530100087,2.5,2.83,3.761931325250223,44.40625965543487,False,-44.40625965543487,7038.061092799174,-11.660777385159015
2023-11-12,Rizespor,Istanbulspor,1-0,Under 2.5,0.49340071398359986,2.1,2.12,3.614149936555977,57.810472845493685,True,63.59152013004306,7101.652612929217,-0.9433962264150941
2023-11-12,Besiktas,Buyuksehyr,1-0,Under 2.5,0.5578842224290197,1.98,1.93,10.461076040945905,189.51767346998633,True,185.7273200005866,7287.3799329298035,2.590673575129543
2023-11-25,Konyaspor,Kasimpasa,2-0,Over 2.5,0.5716853181799763,1.85,1.81,5.761783863295622,123.49502383311525,False,-123.49502383311525,7163.884909096689,2.20994475138121
2023-11-26,Samsunspor,Besiktas,1-2,Under 2.5,0.5511944487771345,1.98,1.93,9.136500857872631,166.97153218791505,False,-166.97153218791505,6996.913376908774,2.590673575129543
2023-11-27,Sivasspor,Trabzonspor,3-3,Over 2.5,0.5397477845421831,1.95,2.03,5.250817985725709,96.68294369483505,True,91.84879651009328,7088.762173418867,-3.9408866995073843
2023-12-01,Karagumruk,Istanbulspor,3-0,Over 2.5,0.6100640446565387,1.98,2.0,20.79268084199466,354.4381086709434,True,347.3493464975245,7436.111519916391,-1.0000000000000009
2023-12-02,Rizespor,Buyuksehyr,3-2,Under 2.5,0.6451272193800326,1.78,1.85,14.832645049645809,353.51667539904474,False,-353.51667539904474,7082.594844517347,-3.7837837837837895
2023-12-02,Alanyaspor,Konyaspor,2-2,Over 2.5,0.5153501631649932,2.0,2.04,3.0700326329986316,54.35949324744031,True,54.35949324744031,7136.954337764788,-1.9607843137254943
2023-12-02,Ad. Demirspor,Samsunspor,2-3,Under 2.5,0.43227425937952735,2.4,2.22,3.74582225108655,47.73886136319303,False,-47.73886136319303,7089.215476401595,8.108108108108091
2023-12-03,Trabzonspor,Kayserispor,0-1,Over 2.5,0.6636587687896586,1.7,1.63,12.821990694241947,324.63519595677604,False,-324.63519595677604,6764.5802804448185,4.294478527607359
2023-12-08,Galatasaray,Ad. Demirspor,3-1,Under 2.5,0.4465678623540249,3.5,3.56,56.29875182390871,338.22901402224096,False,-338.22901402224096,6426.351266422577,-1.6853932584269704
2023-12-09,Antalyaspor,Karagumruk,2-1,Over 2.5,0.5233768474548743,2.03,2.05,6.2455000333394795,97.41693458420733,True,100.33944262173353,6526.690709044311,-0.9756097560975618
2023-12-10,Buyuksehyr,Hatayspor,1-0,Over 2.5,0.5209801545772166,1.98,1.93,3.1540706062888724,52.51439622891687,False,-52.51439622891687,6474.176312815394,2.590673575129543
2023-12-10,Kayserispor,Pendikspor,2-0,Over 2.5,0.6660407992213274,1.67,1.61,11.228813469961674,271.2586499561504,False,-271.2586499561504,6202.917662859244,3.7267080745341463
2023-12-10,Istanbulspor,Alanyaspor,0-1,Over 2.5,0.5750995829466293,1.95,1.86,12.144418674592728,198.23902395207583,False,-198.23902395207583,6004.6786389071685,4.8387096774193505
2023-12-10,Gaziantep,Trabzonspor,1-3,Over 2.5,0.552267163160198,1.98,1.93,9.348898305719189,143.20696416751915,True,140.34282488416878,6145.021463791338,2.590673575129543
2023-12-19,Buyuksehyr,Sivasspor,3-1,Under 2.5,0.5742462259582146,1.83,1.87,5.0870593503532735,94.15689426355817,False,-94.15689426355817,6050.864569527779,-2.1390374331550777
2023-12-20,Galatasaray,Karagumruk,1-0,Under 2.5,0.42631195226594787,2.7,2.93,15.104227111805923,134.40240100136384,True,228.48408170231858,6279.348651230098,-7.849829351535831
2023-12-21,Besiktas,Alanyaspor,1-3,Over 2.5,0.648104332177958,1.65,1.69,6.937214809363068,167.5430402171826,True,108.9029761411687,6388.251627371266,-2.3668639053254448
2023-12-23,Karagumruk,Gaziantep,0-3,Over 2.5,0.581658025208826,1.98,1.92,15.168288991347545,247.19093579952474,True,242.24711708353422,6630.4987444548005,3.125
2023-12-24,Fenerbahce,Galatasaray,0-0,Under 2.5,0.46390548289870015,2.3,2.42,6.698261066701017,85.40925306306085,True,111.0320289819791,6741.53077343678,-4.958677685950419
2023-12-25,Alanyaspor,Samsunspor,3-1,Over 2.5,0.5612368737788085,1.93,2.18,8.318716639310031,150.75506510593863,True,140.20221054852294,6881.732983985303,-11.46788990825689
2024-01-05,Antalyaspor,Alanyaspor,0-0,Over 2.5,0.5533799056095426,2.0,2.21,10.675981121908528,183.67312855760585,False,-183.67312855760585,6698.059855427697,-9.502262443438914
2024-01-05,Besiktas,Kasimpasa,1-3,Over 2.5,0.6881393362147418,1.5,1.46,3.22090043221126,107.86891941661997,True,53.93445970830999,6751.994315136007,2.7397260273972712
2024-01-06,Buyuksehyr,Ad. Demirspor,0-0,Under 2.5,0.5053695630065989,2.1,2.25,6.127608231385762,94.03085441749377,True,103.43393985924317,6855.4282549952495,-6.666666666666665
2024-01-06,Samsunspor,Karagumruk,1-0,Over 2.5,0.5417283334226584,2.0,2.36,8.345666684531672,143.03279798977738,False,-143.03279798977738,6712.395457005472,-15.254237288135586
2024-01-07,Galatasaray,Konyaspor,3-0,Under 2.5,0.5392922331183182,2.4,2.5,29.430135948396362,335.61977285027365,False,-335.61977285027365,6376.775684155198,-4.0000000000000036
2024-01-09,Alanyaspor,Ankaragucu,1-1,Over 2.5,0.5222776891764046,2.05,2.02,7.066926281162944,107.29572302723125,False,-107.29572302723125,6269.479961127967,1.4851485148514865
2024-01-09,Pendikspor,Antalyaspor,0-1,Over 2.5,0.5625825491031534,1.95,2.07,9.703597075114923,160.09607214024444,False,-160.09607214024444,6109.3838889877225,-5.797101449275354
2024-01-10,Karagumruk,Kayserispor,4-1,Over 2.5,0.5972820892523797,1.88,2.01,12.289032779447373,213.290962710221,True,187.69604718499446,6297.079936172717,-6.467661691542281
2024-01-11,Sivasspor,Galatasaray,1-1,Under 2.5,0.5259196953015316,2.3,2.12,20.96152991935225,253.8392874743024,True,329.99107371659306,6627.07100988931,8.490566037735835
2024-01-11,Trabzonspor,Samsunspor,2-1,Over 2.5,0.6384555247328376,1.85,2.1,18.114272075574966,331.3535504944655,True,281.65051792029567,6908.7215278096055,-11.904761904761907
2024-01-13,Besiktas,Karagumruk,3-0,Over 2.5,0.59534744693063,1.83,1.79,8.948582788305304,186.21465829202202,True,154.55816638237832,7063.279694191984,2.2346368715083775
2024-01-13,Hatayspor,Pendikspor,1-1,Over 2.5,0.5536596249247153,1.9,2.07,5.195328735695903,101.93349989859175,False,-101.93349989859175,6961.346194293393,-8.212560386473422
2024-01-14,Gaziantep,Fenerbahce,0-1,Over 2.5,0.6776681066740802,1.57,1.56,6.3938927478305985,195.21974099487113,False,-195.21974099487113,6766.1264532985215,0.6410256410256387
2024-01-15,Galatasaray,Kayserispor,2-1,Under 2.5,0.39152739635484046,2.88,3.55,12.759890150194053,114.80722112554685,False,-114.80722112554685,6651.319232172975,-18.873239436619716
2024-01-20,Kasimpasa,Hatayspor,3-0,Over 2.5,0.6466329331501514,1.62,1.69,4.754535170324536,127.51585168718677,True,79.0598280460558,6730.37906021903,-4.142011834319515
2024-01-20,Alanyaspor,Rizespor,2-1,Over 2.5,0.5636606227833894,1.88,1.88,5.9681970832771825,114.11428601292364,True,100.42057169137279,6830.799631910403,0.0
2024-01-20,Pendikspor,Besiktas,4-0,Over 2.5,0.6560900816926662,1.7,1.67,11.535313887753261,281.4122066372711,True,196.98854464608974,7027.7881765564925,1.7964071856287456
2024-01-21,Trabzonspor,Galatasaray,1-5,Under 2.5,0.5104542818116085,2.1,2.09,7.195399180437789,114.92668474064747,False,-114.92668474064747,6912.8614918158455,0.4784688995215447
2024-01-23,Hatayspor,Alanyaspor,1-1,Over 2.5,0.5503126094260138,2.05,2.07,12.814084932332825,210.9095101942409,False,-210.9095101942409,6701.951981621604,-0.9661835748792313
2024-01-23,Pendikspor,Kasimpasa,3-2,Over 2.5,0.6874639964025753,1.62,1.54,11.369167417217207,307.24037944034916,True,190.48903525301654,6892.441016874621,5.1948051948051965
2024-01-24,Ankaragucu,Karagumruk,2-0,Over 2.5,0.48044916105308194,2.25,2.33,8.10106123694343,111.6721734994439,False,-111.6721734994439,6780.768843375177,-3.433476394849788
2024-01-25,Rizespor,Trabzonspor,1-0,Over 2.5,0.5509850607232646,1.98,2.12,9.095042023206389,157.32494280649445,False,-157.32494280649445,6623.443900568683,-6.60377358490567
2024-01-25,Galatasaray,Istanbulspor,3-1,Under 2.5,0.38752522875110273,3.1,3.64,20.132820912841854,158.74834509095712,False,-158.74834509095712,6464.695555477726,-14.835164835164838
2024-01-27,Ad. Demirspor,Hatayspor,0-1,Over 2.5,0.6379574841817536,1.8,1.96,14.832347152715641,299.6456522358235,False,-299.6456522358235,6165.049903241903,-8.163265306122447
2024-01-27,Alanyaspor,Pendikspor,1-1,Over 2.5,0.6874403391174807,1.75,1.87,20.30205934555913,308.25249516209516,False,-308.25249516209516,5856.797408079808,-6.417112299465244
2024-01-28,Konyaspor,Buyuksehyr,2-3,Under 2.5,0.6294578244692592,1.7,1.67,7.007830159774064,146.583719700101,False,-146.583719700101,5710.213688379707,1.7964071856287456
2024-01-28,Karagumruk,Rizespor,4-0,Over 2.5,0.5286903902630341,1.98,2.03,4.680697272080758,68.18311641376795,True,66.8194540854926,5777.0331424651995,-2.463054187192115
2024-01-29,Trabzonspor,Kasimpasa,2-3,Over 2.5,0.7238155063216704,1.6,1.62,15.810481011467271,288.85165712326,True,173.310994273956,5950.344136739155,-1.2345679012345734
2024-01-29,Istanbulspor,Samsunspor,1-1,Under 2.5,0.5744185670352318,1.88,1.67,7.9906906026235625,135.0777243631187,True,118.86839743954445,6069.2125341787,12.574850299401197
2024-01-29,Galatasaray,Gaziantep,2-1,Under 2.5,0.3851139233612296,2.88,3.3,10.912809928034118,88.07468457225332,False,-88.07468457225332,5981.137849606446,-12.72727272727272
2024-02-02,Hatayspor,Karagumruk,3-1,Over 2.5,0.5228321515435937,2.25,2.36,17.637234097308596,210.98145684356368,True,263.7268210544546,6244.864670660901,-4.6610169491525415
2024-02-02,Samsunspor,Galatasaray,0-2,Under 2.5,0.5526930381624873,2.15,2.22,18.829003204934768,255.6186454309955,True,293.96144224564483,6538.826112906546,-3.1531531531531654
2024-02-03,Buyuksehyr,Istanbulspor,2-0,Under 2.5,0.5262113805940715,2.05,1.87,7.873333021784634,122.57703704394012,True,128.7058888961371,6667.532001802683,9.625668449197855
2024-02-04,Pendikspor,Ad. Demirspor,2-1,Over 2.5,0.6520426177924095,1.7,1.74,10.847245024709595,258.30126190587947,True,180.8108833341156,6848.342885136799,-2.298850574712641
2024-02-04,Kasimpasa,Alanyaspor,2-1,Over 2.5,0.7034763707123125,1.65,1.71,16.07360116753156,342.41714425683995,True,222.57114376694597,7070.914028903745,-3.508771929824561
2024-02-04,Besiktas,Trabzonspor,2-0,Over 2.5,0.6021415904027994,1.88,2.03,13.20261899572628,265.21188600895437,False,-265.21188600895437,6805.702142894791,-7.389162561576345
2024-02-09,Ad. Demirspor,Kasimpasa,1-3,Over 2.5,0.71069890002315,1.53,1.63,8.73693170354195,280.47620196755116,True,148.6523870428021,6954.354529937593,-6.134969325153361
2024-02-10,Karagumruk,Pendikspor,2-0,Over 2.5,0.6754393977135896,1.95,1.85,31.710682554149972,347.71772649687966,False,-347.71772649687966,6606.636803440713,5.405405405405395
2024-02-10,Galatasaray,Buyuksehyr,2-0,Under 2.5,0.5732899352139638,2.35,2.83,34.72313477528148,330.3318401720357,True,445.9479842322482,7052.584787672961,-16.96113074204947
2024-02-11,Fenerbahce,Alanyaspor,2-2,Over 2.5,0.7561464805833116,1.4,1.39,5.860507281663607,258.3232781419214,True,103.3293112567685,7155.91409892973,0.7194244604316502
2024-02-12,Trabzonspor,Hatayspor,2-0,Over 2.5,0.6265953646012179,2.0,1.98,25.319072920243578,357.7957049464865,False,-357.7957049464865,6798.118393983244,1.0101010101010166
2024-02-12,Samsunspor,Antalyaspor,2-0,Under 2.5,0.6227701939735395,1.73,1.79,7.739243557422326,180.1790889836612,True,131.53073495807269,6929.649128941316,-3.3519553072625774
2024-02-16,Kasimpasa,Karagumruk,1-1,Over 2.5,0.6899097048061941,1.6,1.75,10.385552768991047,299.86765291338725,False,-299.86765291338725,6629.781476027929,-8.571428571428562
2024-02-17,Antalyaspor,Istanbulspor,2-2,Under 2.5,0.5321318614121939,2.05,2.26,9.08703158949975,143.44055643844302,False,-143.44055643844302,6486.340919589486,-9.292035398230091
2024-02-18,Pendikspor,Trabzonspor,0-2,Over 2.5,0.6548267976069301,1.75,1.81,14.594689581212773,315.55377413108886,False,-315.55377413108886,6170.7871454583965,-3.314917127071826
2024-02-18,Alanyaspor,Ad. Demirspor,3-3,Over 2.5,0.6117864347921531,1.8,1.77,10.121558262587559,195.18119255869854,True,156.14495404695882,6326.932099505355,1.6949152542372836
2024-02-18,Ankaragucu,Galatasaray,0-3,Under 2.5,0.5937400431427553,2.1,2.09,24.685409059978625,316.3466049752678,False,-316.3466049752678,6010.585494530087,0.4784688995215447
2024-02-19,Besiktas,Konyaspor,2-0,Under 2.5,0.49530154308155894,2.08,2.12,3.0227209609642536,42.05630268977744,True,45.42080690495963,6056.006301435047,-1.8867924528301883
2024-02-23,Samsunspor,Rizespor,3-0,Under 2.5,0.5889532537115854,1.93,2.1,13.667977966335965,222.5090341182957,False,-222.5090341182957,5833.497267316751,-8.0952380952381
2024-02-25,Sivasspor,Pendikspor,4-1,Over 2.5,0.5573025832385796,1.9,1.87,5.887490815330132,95.40183772939093,True,85.86165395645185,5919.358921273203,1.6042780748662944
2024-02-25,Karagumruk,Alanyaspor,1-1,Over 2.5,0.6242745481086095,2.03,1.9,26.727733266047714,295.9679460636602,False,-295.9679460636602,5623.390975209543,6.842105263157894
2024-02-25,Trabzonspor,Ad. Demirspor,1-0,Over 2.5,0.6235166310058932,1.7,1.68,5.997827271001843,120.4575990950622,False,-120.4575990950622,5502.933376114481,1.1904761904761862
2024-02-25,Istanbulspor,Besiktas,0-2,Under 2.5,0.4706287139347852,2.2,2.35,3.538317065652752,40.56483974136675,True,48.6778076896401,5551.611183804121,-6.382978723404253
2024-02-26,Galatasaray,Antalyaspor,2-1,Under 2.5,0.5031284577606178,2.6,2.88,30.813399017760634,267.2875165594043,False,-267.2875165594043,5284.3236672447165,-9.722222222222221
2024-03-02,Hatayspor,Fenerbahce,0-2,Over 2.5,0.65823498900046,1.57,1.62,3.3428932730722227,77.47776333319592,False,-77.47776333319592,5206.8459039115205,-3.0864197530864224
2024-03-02,Ankaragucu,Istanbulspor,1-1,Under 2.5,0.5460456793489086,1.93,1.95,5.3868161143393545,75.3987134948184,True,70.12080355018111,5276.966707461702,-1.025641025641022
2024-03-03,Buyuksehyr,Samsunspor,1-0,Under 2.5,0.6055571235979801,1.83,1.75,10.816953618430357,171.92983168859755,True,142.70176030153598,5419.6684677632375,4.571428571428582
2024-03-03,Besiktas,Galatasaray,0-1,Under 2.5,0.5454405706273313,2.35,2.38,28.178534097422858,270.9834233881619,True,365.8276215740186,5785.496089337256,-1.2605042016806678
2024-03-04,Ad. Demirspor,Karagumruk,1-0,Over 2.5,0.5964710193333869,1.73,2.06,3.189486344675929,63.19438621273004,False,-63.19438621273004,5722.301703124526,-16.019417475728158
2024-03-04,Alanyaspor,Trabzonspor,3-1,Over 2.5,0.6138978922899887,1.83,2.0,12.34331428906794,212.7474951160686,True,176.58042094633697,5898.882124070863,-8.499999999999996
2024-03-04,Antalyaspor,Gaziantep,1-0,Under 2.5,0.5416395653662938,1.98,1.87,7.2446339425261685,109.0184736199098,True,106.83810414751159,6005.720228218374,5.882352941176472
2024-03-08,Galatasaray,Rizespor,6-2,Under 2.5,0.4093933086996967,3.4,3.34,39.19372495789688,245.1943195821548,False,-245.1943195821548,5760.525908636219,1.7964071856287456
2024-03-09,Trabzonspor,Karagumruk,5-1,Over 2.5,0.5850668126660854,1.93,1.79,12.917894844554478,200.03727940079116,True,186.03466984273578,5946.560578478955,7.8212290502793325
2024-03-09,Sivasspor,Alanyaspor,1-2,Over 2.5,0.5503232957859594,1.98,2.14,8.96401256561996,135.9822544584328,True,133.26260936926417,6079.823187848219,-7.476635514018692
2024-03-09,Buyuksehyr,Antalyaspor,1-0,Under 2.5,0.6150792858806953,1.83,1.85,12.559509316167228,229.99878303743768,True,190.8989899210733,6270.722177769293,-1.0810810810810811
2024-03-10,Samsunspor,Ankaragucu,2-1,Under 2.5,0.630028053141888,1.65,1.66,3.9546287684115278,95.37837816508693,False,-95.37837816508693,6175.343799604206,-0.6024096385542133
2024-03-10,Fenerbahce,Pendikspor,4-1,Over 2.5,0.8232936100532515,1.33,1.33,9.498050137082448,308.76718998021033,True,101.89317269346941,6277.2369722976755,0.0
2024-03-10,Kayserispor,Hatayspor,1-1,Over 2.5,0.5547833617257056,1.9,1.9,5.408838727884069,94.3126734440817,False,-94.3126734440817,6182.924298853593,0.0
2024-03-15,Karagumruk,Konyaspor,1-1,Over 2.5,0.4791464661892448,2.15,2.3,3.0164902306876185,40.54506683602832,False,-40.54506683602832,6142.379232017565,-6.521739130434778
2024-03-16,Alanyaspor,Kayserispor,1-0,Over 2.5,0.6373413986823011,1.85,1.75,17.90815875622571,307.11896160087827,False,-307.11896160087827,5835.2602704166875,5.714285714285716
2024-03-16,Ankaragucu,Buyuksehyr,2-1,Under 2.5,0.6414919216391815,1.65,1.68,5.846167070464925,131.2073324634706,False,-131.2073324634706,5704.052937953217,-1.7857142857142905
2024-03-16,Ad. Demirspor,Sivasspor,4-1,Over 2.5,0.546567877422984,1.98,2.03,8.220439729750817,119.61689640753205,True,117.2245584793814,5821.277496432599,-2.463054187192115
2024-03-16,Besiktas,Antalyaspor,1-2,Under 2.5,0.5483644779034135,1.93,1.93,5.8343442353588015,91.29929248315982,False,-91.29929248315982,5729.978203949439,0.0
2024-03-17,Rizespor,Gaziantep,3-1,Under 2.5,0.5202719171613928,1.98,2.0,3.0138395979557586,44.054171445118115,False,-44.054171445118115,5685.924032504321,-1.0000000000000009
2024-03-17,Hatayspor,Samsunspor,3-0,Under 2.5,0.5998447559200561,1.73,1.68,3.773142774169713,73.47192869082738,False,-73.47192869082738,5612.4521038134935,2.976190476190488
2024-03-17,Kasimpasa,Galatasaray,3-4,Under 2.5,0.37190119461268745,2.88,2.89,7.107544048453973,53.04621083469766,False,-53.04621083469766,5559.405892978796,-0.34602076124568004
2024-03-17,Trabzonspor,Fenerbahce,2-3,Over 2.5,0.646402914001472,1.67,1.75,7.949286638245812,164.90041411060227,True,110.4832774541035,5669.8891704329,-4.571428571428571
2024-04-02,Gaziantep,Alanyaspor,0-3,Over 2.5,0.5279097217532853,2.0,2.03,5.581944350657064,79.12251455937398,True,79.12251455937398,5749.011684992274,-1.477832512315258
2024-04-02,Galatasaray,Hatayspor,1-0,Under 2.5,0.338874241406693,3.1,3.11,5.051014836074819,34.569456325789915,True,72.59585828415882,5821.607543276433,-0.3215434083601254
2024-04-02,Antalyaspor,Ankaragucu,1-1,Under 2.5,0.6128215173247351,1.88,1.88,15.210445257050198,251.5603489915815,True,221.37310711259167,6042.980650389024,0.0
2024-04-02,Istanbulspor,Rizespor,0-4,Under 2.5,0.519142400085304,2.1,2.23,9.019904017913838,123.87978511049894,False,-123.87978511049894,5919.100865278525,-5.829596412556048
2024-04-03,Sivasspor,Karagumruk,1-0,Over 2.5,0.5100841768339273,2.1,2.35,7.1176771351247226,95.75056565747722,False,-95.75056565747722,5823.350299621047,-10.63829787234043
2024-04-03,Kayserispor,Kasimpasa,0-2,Over 2.5,0.6739923072963137,1.57,1.55,5.816792245521252,148.5667494113576,False,-148.5667494113576,5674.78355020969,1.2903225806451646
2024-04-03,Konyaspor,Trabzonspor,1-3,Over 2.5,0.5187943078951953,2.05,2.14,6.352833118515022,85.83560209089629,True,90.1273821954411,5764.910932405131,-4.205607476635532
2024-04-04,Buyuksehyr,Besiktas,1-1,Under 2.5,0.587401266446707,1.93,1.93,13.368444424214454,207.17175110323726,True,192.66972852601063,5957.580660931141,0.0
2024-04-13,Kasimpasa,Konyaspor,0-2,Over 2.5,0.5933007757558475,1.83,1.81,8.5740419633201,153.8570680321924,False,-153.8570680321924,5803.7235928989485,1.104972375690605
2024-04-13,Ad. Demirspor,Kayserispor,0-0,Over 2.5,0.6407548347001676,1.67,1.68,7.006057394927989,151.7209723736854,False,-151.7209723736854,5652.002620525263,-0.5952380952380931
2024-04-13,Besiktas,Samsunspor,1-1,Under 2.5,0.5518452076946911,1.93,1.94,6.506125085075376,98.85117212449259,True,91.9315900757781,5743.934210601042,-0.5154639175257714
2024-04-14,Rizespor,Antalyaspor,3-0,Under 2.5,0.5382981555172254,2.0,2.27,7.659631103445075,109.99104283915493,False,-109.99104283915493,5633.943167761887,-11.894273127753308
2024-04-14,Hatayspor,Istanbulspor,0-3,Under 2.5,0.5693317122954136,2.05,2.28,16.71300102055977,224.19070931566708,False,-224.19070931566708,5409.75245844622,-10.087719298245613
2024-04-15,Alanyaspor,Galatasaray,0-4,Under 2.5,0.4196680031370841,2.7,2.94,13.310360847012713,105.89081958078422,False,-105.89081958078422,5303.861638865435,-8.163265306122437
2024-04-20,Konyaspor,Alanyaspor,0-2,Over 2.5,0.5287696656586698,2.05,2.11,8.397781460027298,106.04921651765277,False,-106.04921651765277,5197.812422347783,-2.8436018957346043
2024-04-20,Samsunspor,Ad. Demirspor,1-1,Under 2.5,0.5363285111448464,1.93,1.94,3.511402650955353,49.06347397580818,True,45.6290307975016,5243.441453145284,-0.5154639175257714
2024-04-21,Buyuksehyr,Rizespor,2-0,Under 2.5,0.5032224555918432,2.08,2.22,4.670270763103379,56.68585952932586,True,61.22072829167194,5304.6621814369555,-6.3063063063063085
2024-04-26,Ad. Demirspor,Galatasaray,0-3,Under 2.5,0.44875382433121536,2.88,2.89,29.241101407390026,206.26883614274567,False,-206.26883614274567,5098.39334529421,-0.34602076124568004
2024-04-27,Hatayspor,Buyuksehyr,1-2,Under 2.5,0.5890826150853772,1.88,1.73,10.747531636050912,155.66802207835485,False,-155.66802207835485,4942.7253232158555,8.670520231213864
2024-04-29,Karagumruk,Antalyaspor,4-1,Under 2.5,0.5349316248218507,1.95,2.27,4.311666840260897,56.082591780599024,False,-56.082591780599024,4886.642731435257,-14.09691629955947
2024-05-04,Samsunspor,Trabzonspor,3-1,Under 2.5,0.543603351206573,1.98,1.88,7.633463538901442,95.15818652563478,False,-95.15818652563478,4791.484544909622,5.319148936170226
2024-05-04,Istanbulspor,Ad. Demirspor,0-1,Under 2.5,0.4278943676062762,2.6,2.91,11.252535577631818,84.24429736135706,True,134.7908757781713,4926.2754206877935,-10.65292096219932
2024-05-05,Galatasaray,Sivasspor,6-1,Under 2.5,0.44327494871190465,3.5,3.77,55.14623204916662,246.31377103438967,False,-246.31377103438967,4679.961649653404,-7.161803713527847
2024-05-12,Karagumruk,Galatasaray,2-3,Under 2.5,0.4357475199116684,2.5,2.82,8.936879977917101,69.70709260701223,False,-69.70709260701223,4610.254557046392,-11.347517730496449
2024-05-12,Sivasspor,Buyuksehyr,0-1,Under 2.5,0.5846269094534535,1.8,1.84,5.232843701621648,75.38981725535206,True,60.31185380428164,4670.5664108506735,-2.1739130434782594
2024-05-12,Konyaspor,Samsunspor,3-0,Under 2.5,0.6639157568379636,1.62,1.83,7.554352607750103,142.27058687693477,False,-142.27058687693477,4528.295823973739,-11.475409836065575
2024-05-12,Hatayspor,Ankaragucu,2-1,Under 2.5,0.59414118553089,1.98,1.98,17.639954735116213,203.77278918906273,False,-203.77278918906273,4324.523034784676,0.0
2024-05-12,Kasimpasa,Antalyaspor,3-1,Under 2.5,0.4319330111881017,2.4,2.63,3.663922685144394,28.29413937424474,False,-28.29413937424474,4296.2288954104315,-8.745247148288971
2024-05-17,Istanbulspor,Sivasspor,1-3,Under 2.5,0.5422334993502003,2.08,2.23,12.784567864841655,127.14219878765824,False,-127.14219878765824,4169.086696622773,-6.726457399103136
2024-05-17,Antalyaspor,Ad. Demirspor,2-1,Under 2.5,0.510899981815307,2.7,2.99,37.942995090132904,208.45433483113868,False,-208.45433483113868,3960.6323617916346,-9.6989966555184
2024-05-18,Samsunspor,Alanyaspor,1-1,Under 2.5,0.5330753496528038,2.03,2.13,8.214295979519148,78.96554972286044,True,81.33451621454624,4041.9668780061807,-4.694835680751175
2024-05-24,Alanyaspor,Antalyaspor,1-1,Under 2.5,0.4724026957762807,2.6,3.12,22.824700901832973,144.1510703837605,True,230.6417126140168,4272.608590620197,-16.666666666666664
2024-05-25,Karagumruk,Samsunspor,3-1,Under 2.5,0.5398977257582596,2.15,2.19,16.078011038025796,149.33706104598997,False,-149.33706104598997,4123.271529574207,-1.82648401826484
2024-05-25,Sivasspor,Kayserispor,2-1,Under 2.5,0.4899531755087818,2.15,2.52,5.3399327343880865,47.86520133379075,False,-47.86520133379075,4075.4063282404168,-14.682539682539685
2024-05-26,Ad. Demirspor,Buyuksehyr,2-6,Under 2.5,0.5206095246505662,2.4,2.47,24.946285916135878,181.54687765841956,False,-181.54687765841956,3893.8594505819974,-2.8340080971660075
2024-05-26,Fenerbahce,Istanbulspor,6-0,Under 2.5,0.22629273645746684,5.0,6.11,13.14636822873343,31.993818855177835,False,-31.993818855177835,3861.8656317268196,-18.166939443535192
2024-05-26,Hatayspor,Rizespor,2-0,Under 2.5,0.5051622963227433,2.35,2.82,18.71313963584469,133.82894596550653,True,180.66907705343385,4042.5347087802534,-16.666666666666664
2024-05-26,Konyaspor,Galatasaray,1-3,Under 2.5,0.5288549670546925,1.98,1.99,4.713283476829111,48.60615318214835,False,-48.60615318214835,3993.928555598105,-0.5025125628140725
2024-08-10,Kasimpasa,Konyaspor,2-3,Over 2.5,0.5503412864165629,1.88,1.92,3.464161846313818,39.30572420229038,True,34.589037298015526,4028.5175928961207,-2.083333333333337
2024-08-11,Sivasspor,Trabzonspor,0-0,Over 2.5,0.5562354009219748,1.88,2.04,4.572255373331258,52.32787275761015,False,-52.32787275761015,3976.1897201385104,-7.843137254901967
2024-08-11,Samsunspor,Besiktas,0-2,Under 2.5,0.591601081140177,1.93,1.73,14.179008660054148,151.55491525769415,True,140.94607118965556,4117.135791328166,11.560693641618492
2024-08-12,Rizespor,Buyuksehyr,1-1,Under 2.5,0.5277843097634425,2.03,1.76,7.140214881978824,71.35251031157522,True,73.49308562092246,4190.628876949088,15.340909090909083
2024-08-16,Konyaspor,Galatasaray,1-2,Under 2.5,0.5044987955904087,2.15,2.28,8.467241051937858,77.13709752247732,False,-77.13709752247732,4113.491779426611,-5.701754385964907
2024-08-17,Goztep,Fenerbahce,2-2,Over 2.5,0.6690489334958505,1.85,2.02,23.77405269673234,205.67458897133056,True,174.82340062563102,4288.315180052242,-8.415841584158413
2024-08-18,Besiktas,Antalyaspor,4-2,Under 2.5,0.5349555684410431,2.15,2.23,15.015447214824263,139.98037005783488,False,-139.98037005783488,4148.334809994407,-3.58744394618834
2024-08-18,Buyuksehyr,Alanyaspor,4-2,Over 2.5,0.5261895446861738,1.98,2.1,4.185529847862424,44.29331419938338,True,43.407447915395714,4191.742257909803,-5.714285714285716
2024-08-19,Eyupspor,Bodrumspor,4-1,Under 2.5,0.8877209939632494,1.75,1.68,55.351173943568654,209.58711289549015,False,-209.58711289549015,3982.155145014313,4.166666666666674
2024-08-23,Alanyaspor,Goztep,1-1,Over 2.5,0.6158782217774567,2.05,2.25,26.255035464378594,199.10775725071565,False,-199.10775725071565,3783.0473877635973,-8.888888888888902
2024-08-24,Sivasspor,Eyupspor,0-1,Over 2.5,0.54011559669276,1.98,2.01,6.9428881451664815,67.00325219670128,False,-67.00325219670128,3716.044135566896,-1.492537313432829
2024-08-25,Kasimpasa,Ad. Demirspor,2-2,Over 2.5,0.6829562812885555,1.53,1.58,4.492311037148977,78.74351926764122,True,41.73406521184985,3757.778200778746,-3.164556962025322
2024-08-25,Antalyaspor,Hatayspor,3-2,Under 2.5,0.560064763207694,1.88,1.74,5.29217548304648,56.49665245706753,False,-56.49665245706753,3701.281548321678,8.045977011494255
2024-08-25,Rizespor,Fenerbahce,0-5,Over 2.5,0.6348052044650824,1.75,1.72,11.090910781389418,136.83527809746207,True,102.62645857309656,3803.9080068947746,1.744186046511631
2024-08-30,Fenerbahce,Alanyaspor,3-0,Over 2.5,0.7321398876209351,1.5,1.52,9.82098314314026,186.79058206884923,True,93.39529103442459,3897.3032979291993,-1.3157894736842146
2024-08-31,Rizespor,Kasimpasa,0-1,Over 2.5,0.6396744395244364,1.7,1.72,8.744654719154177,121.71632741504183,False,-121.71632741504183,3775.5869705141577,-1.1627906976744207
2024-08-31,Ad. Demirspor,Galatasaray,1-5,Under 2.5,0.39463226288400877,2.88,3.13,13.654091710594528,68.55347175096546,False,-68.55347175096546,3707.0334987631923,-7.987220447284349
2024-08-31,Goztep,Bodrumspor,2-0,Over 2.5,0.6281645938361748,2.15,2.81,35.055387674777585,185.35167493815962,False,-185.35167493815962,3521.6818238250326,-23.48754448398577
2024-09-01,Eyupspor,Trabzonspor,0-0,Under 2.5,0.5457483944198613,1.98,1.94,8.058182095132537,72.39375871811382,True,70.94588354375153,3592.6277073687843,2.0618556701030855
2024-09-01,Hatayspor,Samsunspor,0-3,Under 2.5,0.6351909800949032,1.7,1.78,7.982466616133532,102.42153835095597,False,-102.42153835095597,3490.2061690178284,-4.49438202247191
2024-09-01,Buyuksehyr,Antalyaspor,5-2,Under 2.5,0.535907585260485,1.93,2.02,3.430163955273602,32.18274031569489,False,-32.18274031569489,3458.0234287021335,-4.455445544554459
2024-09-01,Besiktas,Sivasspor,2-0,Under 2.5,0.5030766531144109,2.15,2.47,8.161480419598321,61.35345761709729,True,70.55647625966188,3528.5799049617954,-12.955465587044547
2024-09-14,Samsunspor,Konyaspor,0-1,Under 2.5,0.6411415186755964,1.7,1.71,8.994058174851393,113.34376049942132,True,79.34063234959491,3607.9205373113905,-0.5847953216374324
2024-09-14,Bodrumspor,Buyuksehyr,0-1,Over 2.5,0.6515760321210582,2.35,2.35,53.12036754844869,180.39602686556952,False,-180.39602686556952,3427.524510445821,0.0
2024-09-14,Galatasaray,Rizespor,5-0,Under 2.5,0.317434746822739,3.4,2.97,7.9278139197312525,28.304975545971278,False,-28.304975545971278,3399.2195348998494,14.478114478114467
2024-09-15,Kasimpasa,Fenerbahce,0-2,Over 2.5,0.7005956594601879,1.53,1.57,7.19113589740874,115.30306424807247,False,-115.30306424807247,3283.9164706517768,-2.547770700636942
2024-09-15,Kayserispor,Eyupspor,2-2,Under 2.5,0.738206811516181,1.93,1.94,42.473914622622914,164.19582353258886,False,-164.19582353258886,3119.720647119188,-0.5154639175257714
2024-09-15,Alanyaspor,Hatayspor,0-0,Over 2.5,0.5752873189576754,1.93,2.15,11.03045255883135,92.50518977111507,False,-92.50518977111507,3027.215457348073,-10.232558139534886
2024-09-18,Samsunspor,Buyuksehyr,2-0,Under 2.5,0.6114606803925859,1.7,1.56,3.94831566673961,42.687150774441825,True,29.88100554210927,3057.096462890182,8.974358974358964
2024-09-19,Trabzonspor,Kayserispor,2-2,Over 2.5,0.6180020872682542,1.67,1.7,3.2063485737984454,36.57506299907546,True,24.505292209380556,3081.6017550995625,-1.764705882352946
2024-09-20,Hatayspor,Bodrumspor,0-1,Over 2.5,0.5922471416614289,2.5,2.61,48.061785415357214,154.08008775497814,False,-154.08008775497814,2927.5216673445843,-4.214559386973171
2024-09-22,Rizespor,Samsunspor,0-1,Under 2.5,0.5953485424120446,1.88,1.76,11.925525973464367,99.18248773237951,True,87.28058920449396,3014.8022565490783,6.818181818181812
2024-09-22,Ad. Demirspor,Alanyaspor,0-2,Over 2.5,0.6434899972080846,1.65,1.72,6.175849539333966,71.61140433573696,False,-71.61140433573696,2943.1908522133413,-4.069767441860472
2024-09-22,Besiktas,Eyupspor,2-1,Under 2.5,0.6092645478154144,2.15,2.66,30.99187778031409,147.15954261066707,False,-147.15954261066707,2796.0313096026744,-19.172932330827074
2024-09-23,Gaziantep,Trabzonspor,0-0,Over 2.5,0.5707042520260253,1.9,1.78,8.433807884944788,65.50330807077658,False,-65.50330807077658,2730.5280015318976,6.741573033707859
2024-09-28,Alanyaspor,Rizespor,1-0,Over 2.5,0.5767411568746359,1.88,2.01,8.42733749243154,65.37238920864753,False,-65.37238920864753,2665.15561232325,-6.467661691542281
2024-09-28,Samsunspor,Goztep,4-3,Under 2.5,0.616815248866265,1.67,1.67,3.0081465606662583,29.914845853920003,False,-29.914845853920003,2635.24076646933,0.0
2024-09-29,Trabzonspor,Konyaspor,3-2,Over 2.5,0.5047370508123747,2.08,2.05,4.985306568973957,30.41084051830437,True,32.84370775976872,2668.0844742290988,1.4634146341463428
2024-09-29,Bodrumspor,Ad. Demirspor,3-1,Under 2.5,0.5291037065020912,1.98,1.99,4.7625338874140555,32.41541510969226,False,-32.41541510969226,2635.6690591194065,-0.5025125628140725
2024-09-30,Kayserispor,Besiktas,0-3,Under 2.5,0.45613893073808287,2.35,2.66,7.1926487234494685,35.10637350650091,False,-35.10637350650091,2600.5626856129056,-11.654135338345862
2024-10-04,Rizespor,Antalyaspor,2-1,Under 2.5,0.5120984570277965,2.08,2.09,6.516479061781677,39.22803770751679,False,-39.22803770751679,2561.334647905389,-0.4784688995215225
2024-10-05,Kasimpasa,Bodrumspor,0-0,Over 2.5,0.5356990626280131,2.0,1.98,7.139812525602629,45.71862300343724,False,-45.71862300343724,2515.6160249019517,1.0101010101010166
2024-10-05,Goztep,Sivasspor,3-2,Over 2.5,0.5505065411657066,1.95,2.03,7.34877552731279,48.649203894514066,True,46.21674369978836,2561.83276860174,-3.9408866995073843
2024-10-05,Hatayspor,Trabzonspor,1-1,Over 2.5,0.5272435878268136,2.08,2.0,9.66666626797723,57.32495927879897,False,-57.32495927879897,2504.5078093229413,4.0000000000000036
2024-10-06,Ad. Demirspor,Samsunspor,1-3,Under 2.5,0.49309528445725814,2.1,2.2,3.5500097360242178,20.206879788738924,False,-20.206879788738924,2484.300929534202,-4.545454545454552
2024-10-19,Antalyaspor,Galatasaray,0-3,Under 2.5,0.43814330435250404,2.7,2.52,18.2986921751761,66.85214408830915,False,-66.85214408830915,2417.448785445893,7.14285714285714
2024-10-19,Eyupspor,Goztep,1-0,Over 2.5,0.7279921656377418,1.93,1.93,40.502487968084175,120.87243927229466,False,-120.87243927229466,2296.5763461735983,0.0
2024-10-20,Besiktas,Konyaspor,2-0,Under 2.5,0.5215581451325004,2.1,2.04,9.527210477825099,49.72719597361451,True,54.699915570975975,2351.276261744574,2.941176470588247
2024-10-20,Alanyaspor,Kasimpasa,1-2,Over 2.5,0.6038169425452433,1.75,2.06,5.66796494541757,44.423171428535795,True,33.317378571401846,2384.5936403159762,-15.048543689320393
2024-10-21,Bodrumspor,Rizespor,0-1,Under 2.5,0.6588690508041324,1.65,1.66,8.713393382681843,79.91500940736319,True,51.94475611478606,2436.538396430762,-0.6024096385542133
2024-10-26,Kasimpasa,Samsunspor,1-4,Over 2.5,0.5185238818988006,2.03,1.93,5.260348025456518,31.109320249062023,True,32.042599856533876,2468.580996287296,5.181347150259064
2024-10-26,Goztep,Trabzonspor,2-1,Over 2.5,0.6323482537764767,1.95,1.79,23.30790948641297,123.4290498143648,True,117.25759732364655,2585.8385936109426,8.93854748603351
2024-10-26,Hatayspor,Kayserispor,0-1,Under 2.5,0.5140138493918989,2.05,2.03,5.372839125339257,33.07927325610741,True,34.73323691891278,2620.571830529855,0.9852216748768461
2024-10-28,Buyuksehyr,Eyupspor,1-1,Under 2.5,0.5478366813962559,1.9,1.92,4.0889694652886055,29.76510610175568,True,26.788595491580107,2647.360426021435,-1.041666666666663
2024-10-28,Galatasaray,Besiktas,2-1,Under 2.5,0.44937986249807915,2.35,3.18,5.604267687048603,27.475030539857688,False,-27.475030539857688,2619.8853954815777,-26.100628930817614
2024-11-01,Gaziantep,Goztep,2-1,Over 2.5,0.5986325261597686,1.95,1.9,16.733342601154867,115.36694710093522,True,109.59859974588846,2729.483995227466,2.6315789473684292
2024-11-04,Samsunspor,Antalyaspor,2-0,Under 2.5,0.5500873439696475,1.93,1.92,6.166857386141977,45.24822187184081,True,42.08084634081196,2771.564841568278,0.5208333333333259
2024-11-09,Antalyaspor,Bodrumspor,3-2,Under 2.5,0.7606662168175857,1.62,1.61,23.2279271244489,138.57824207841392,False,-138.57824207841392,2632.986599489864,0.6211180124223503
2024-11-10,Goztep,Konyaspor,2-0,Over 2.5,0.5666301311026692,2.1,2.05,18.992327531560548,113.65123609936667,False,-113.65123609936667,2519.3353633904976,2.4390243902439046
2024-11-10,Galatasaray,Samsunspor,3-2,Under 2.5,0.4470000383937981,2.35,2.84,5.045009022542546,23.537165998362205,False,-23.537165998362205,2495.7981973921355,-17.253521126760553
2024-11-10,Buyuksehyr,Besiktas,0-0,Under 2.5,0.5273131996799585,1.98,2.01,4.408013536631783,28.065082241851368,True,27.503780597014337,2523.3019779891497,-1.492537313432829
2024-11-23,Kayserispor,Fenerbahce,2-6,Over 2.5,0.6319008079003869,1.65,1.68,4.26363330356383,41.378593647319434,True,26.89608587075763,2550.1980638599075,-1.7857142857142905
2024-11-23,Bodrumspor,Galatasaray,0-1,Under 2.5,0.5508492738402979,2.15,2.48,18.43259387566405,102.18862002964012,True,117.51691303408613,2667.7149768939935,-13.306451612903224
2024-11-24,Sivasspor,Kasimpasa,0-0,Over 2.5,0.5981857592875597,1.8,2.08,7.673436671760747,63.9704435421992,False,-63.9704435421992,2603.7445333517944,-13.461538461538458
2024-11-25,Trabzonspor,Ad. Demirspor,5-0,Over 2.5,0.6655130553631382,1.57,1.54,4.485549692012714,51.224673200245164,True,29.198063724139743,2632.9425970759344,1.9480519480519431
2024-11-30,Samsunspor,Bodrumspor,4-0,Under 2.5,0.706558550626336,1.7,1.92,20.114953606477126,131.6471298537967,False,-131.6471298537967,2501.2954672221376,-11.458333333333337
2024-11-30,Ad. Demirspor,Konyaspor,0-1,Over 2.5,0.5513164276853094,2.0,1.95,10.263285537061883,64.17877398164853,False,-64.17877398164853,2437.116693240489,2.564102564102577
2024-11-30,Alanyaspor,Trabzonspor,2-1,Over 2.5,0.5589175283118508,1.98,1.79,10.665670605746458,66.30990785170687,True,64.98370969467274,2502.1004029351616,10.61452513966481
2024-11-30,Buyuksehyr,Goztep,4-1,Over 2.5,0.5908029886443574,2.0,2.16,18.160597728871487,113.59909723738181,True,113.59909723738181,2615.6995001725436,-7.407407407407418
2024-12-01,Galatasaray,Eyupspor,2-2,Under 2.5,0.5119082512991331,3.4,3.61,74.04880544170524,130.78497500862719,False,-130.78497500862719,2484.9145251639166,-5.8171745152354575
2024-12-02,Fenerbahce,Gaziantep,3-1,Over 2.5,0.7453656535755576,1.4,1.29,4.3511915005780555,67.57711850972628,True,27.030847403890505,2511.945372567807,8.52713178294573
2024-12-02,Hatayspor,Besiktas,1-1,Under 2.5,0.5173847372330131,2.1,2.37,8.650794818932761,49.38710003284479,True,54.325810036129276,2566.2711826039367,-11.392405063291145
2024-12-06,Trabzonspor,Kasimpasa,2-2,Over 2.5,0.6605934904121811,1.65,1.68,8.997925918009875,88.81199225613001,True,57.727794966484495,2623.998977570421,-1.7857142857142905
2024-12-07,Goztep,Ad. Demirspor,3-1,Over 2.5,0.7244123005213008,1.6,1.51,15.90596808340814,131.19994887852107,True,78.71996932711266,2702.718946897534,5.96026490066226
2024-12-08,Eyupspor,Samsunspor,3-0,Under 2.5,0.5778880079590419,1.9,2.03,9.798721512217966,73.56441746234432,False,-73.56441746234432,2629.1545294351895,-6.4039408866995
2024-12-08,Sivasspor,Galatasaray,2-3,Under 2.5,0.42890919143400363,2.7,3.23,15.80548168718099,61.1103731878777,False,-61.1103731878777,2568.044156247312,-16.408668730650145
2024-12-13,Bodrumspor,Sivasspor,2-0,Under 2.5,0.6967029648226628,1.88,1.84,30.9801573866606,128.40220781236562,True,112.99394287488172,2681.0380991221937,2.1739130434782483
2024-12-15,Hatayspor,Goztep,1-1,Over 2.5,0.5929478418674272,1.98,2.02,17.403672689750582,119.03038149457593,False,-119.03038149457593,2562.0077176276177,-1.980198019801982
2024-12-16,Ad. Demirspor,Besiktas,2-1,Under 2.5,0.43144962881791593,2.6,2.77,12.176903492658141,48.74581363280758,False,-48.74581363280758,2513.26190399481,-6.137184115523464
2024-12-16,Galatasaray,Trabzonspor,4-3,Under 2.5,0.3310344915565062,3.5,3.51,15.862072044777165,39.865541388559535,False,-39.865541388559535,2473.3963626062505,-0.2849002849002802
2024-12-20,Eyupspor,Fenerbahce,1-1,Under 2.5,0.49710161653230445,2.7,2.38,34.217436463722215,123.66981813031254,True,210.23869082153135,2683.6350534277817,13.445378151260524
2024-12-21,Besiktas,Alanyaspor,1-1,Under 2.5,0.4884738974582903,2.3,2.17,12.348996415406766,63.731153182768445,True,82.85049913759897,2766.4855525653807,5.990783410138234
2024-12-22,Goztep,Rizespor,3-0,Over 2.5,0.6333803320694752,2.0,2.05,26.67606641389504,138.32427762826904,True,138.32427762826904,2904.8098301936498,-2.4390243902438935
2024-12-22,Kayserispor,Galatasaray,1-5,Under 2.5,0.35403949767254317,3.1,3.29,9.752244278488376,33.724303626908146,False,-33.724303626908146,2871.0855265667415,-5.775075987841949
2024-12-22,Trabzonspor,Bodrumspor,1-0,Under 2.5,0.5348596787957651,2.15,2.09,14.994830941089488,93.59009149625481,True,107.62860522069303,2978.7141317874343,2.8708133971291794
2024-12-23,Buyuksehyr,Kasimpasa,2-2,Over 2.5,0.5837514849234217,1.85,1.8,7.994024710833014,70.03504228240075,True,59.529785940040654,3038.243917727475,2.77777777777779
2025-01-03,Rizespor,Besiktas,1-1,Under 2.5,0.5290664727350826,2.0,2.15,5.813294547016512,44.15551699857804,True,44.15551699857804,3082.399434726053,-6.976744186046513
2025-01-04,Antalyaspor,Eyupspor,1-4,Under 2.5,0.5889872940812767,2.03,1.93,19.564420698499152,146.37223131504012,False,-146.37223131504012,2936.027203411013,5.181347150259064
2025-01-04,Galatasaray,Goztep,2-1,Over 2.5,0.7744133930613976,1.36,1.34,5.320221456350072,108.47440919454708,True,39.05078731003697,2975.07799072105,1.4925373134328401
2025-01-05,Bodrumspor,Kayserispor,1-1,Under 2.5,0.6869759950242933,1.83,1.85,25.716607089445674,148.7538995360525,True,123.4657366149236,3098.5437273359735,-1.0810810810810811
2025-01-11,Hatayspor,Rizespor,1-2,Under 2.5,0.5759228933530449,1.89,1.98,8.849426843725494,77.02341583467467,False,-77.02341583467467,3021.5203115012987,-4.545454545454552
2025-01-11,Besiktas,Bodrumspor,2-1,Under 2.5,0.6501718465033819,2.08,2.16,35.23574407270345,151.07601557506493,False,-151.07601557506493,2870.4442959262337,-3.703703703703709
2025-01-12,Buyuksehyr,Galatasaray,1-2,Under 2.5,0.45156711799735616,2.4,2.81,8.376108319365482,42.93420062032659,False,-42.93420062032659,2827.5100953059073,-14.590747330960863
2025-01-13,Goztep,Kasimpasa,5-0,Over 2.5,0.7097829836805529,1.8,1.81,27.760937062499536,141.37550476529537,True,113.1004038122363,2940.6104991181437,-0.5524861878453025
2025-01-17,Hatayspor,Galatasaray,1-1,Under 2.5,0.380007336336454,2.88,3.07,9.442112864898755,36.92230880901562,True,69.41394056094936,3010.024439679093,-6.1889250814332275
2025-01-18,Gaziantep,Bodrumspor,0-0,Under 2.5,0.6698919145008588,1.88,1.94,25.939679926161464,150.50122198395465,True,132.44107534588008,3142.4655150249732,-3.0927835051546393
2025-01-18,Besiktas,Samsunspor,0-0,Under 2.5,0.5581252277597656,2.0,2.29,11.625045551953118,91.32826189401781,True,91.32826189401781,3233.793776918991,-12.66375545851528
2025-01-19,Goztep,Antalyaspor,1-0,Over 2.5,0.6676833621581415,1.73,1.75,15.509221653358484,161.68968884594958,False,-161.68968884594958,3072.1040880730416,-1.1428571428571455
2025-01-19,Konyaspor,Kasimpasa,3-3,Over 2.5,0.5521143440818196,1.88,1.86,3.7974966873820737,33.14291220951791,True,29.165762744375755,3101.269850817417,1.0752688172043001
2025-01-19,Ad. Demirspor,Fenerbahce,0-4,Under 2.5,0.3047713733506424,3.5,3.65,6.66998067272484,20.685409965856454,False,-20.685409965856454,3080.584440851561,-4.109589041095885
2025-01-25,Galatasaray,Konyaspor,1-0,Under 2.5,0.3418182855574159,3.4,3.31,16.218217089521403,52.04332002534638,True,124.90396806083132,3205.488408912392,2.7190332326283873
2025-01-25,Sivasspor,Kayserispor,5-2,Over 2.5,0.5159126578732347,2.0,1.93,3.1825315746469407,25.50392018382118,True,25.50392018382118,3230.9923290962133,3.62694300518136
2025-01-26,Rizespor,Ad. Demirspor,3-2,Under 2.5,0.4533375588375075,2.4,2.64,8.801014121001781,50.77858770218616,False,-50.77858770218616,3180.2137413940272,-9.090909090909093
2025-01-26,Antalyaspor,Besiktas,1-1,Under 2.5,0.5341027425267468,2.15,2.31,14.832089643250557,102.5417723848989,True,117.92303824263374,3298.136779636661,-6.926406926406936
2025-01-26,Bodrumspor,Eyupspor,0-1,Under 2.5,0.7058523388070016,1.75,1.78,23.52415929122529,164.90683898183306,True,123.6801292363748,3421.8169088730356,-1.6853932584269704
2025-01-26,Fenerbahce,Goztep,3-2,Over 2.5,0.7336986058507062,1.57,1.71,15.190681118560878,171.0908454436518,True,97.52178190288151,3519.3386907759173,-8.187134502923977
2025-01-31,Konyaspor,Bodrumspor,3-1,Under 2.5,0.7126039114663539,1.62,1.68,15.441833657549342,175.96693453879587,False,-175.96693453879587,3343.371756237121,-3.5714285714285587
2025-02-01,Hatayspor,Antalyaspor,2-3,Under 2.5,0.5479256550093494,2.03,2.08,11.228907966897928,91.1223634706614,False,-91.1223634706614,3252.24939276646,-2.4038461538461675
2025-02-02,Fenerbahce,Rizespor,3-2,Over 2.5,0.7179592856825077,1.53,1.55,9.847770709423664,151.0726712727664,True,80.06851577456621,3332.317908541026,-1.2903225806451646
2025-02-02,Ad. Demirspor,Kasimpasa,3-5,Over 2.5,0.6973763679904582,1.57,1.53,9.488089774501951,138.67250646235885,True,79.04332868354456,3411.3612372245707,2.614379084967333
2025-02-02,Goztep,Alanyaspor,0-1,Over 2.5,0.6533176111760315,1.9,1.85,24.130346123445978,170.56806186122856,False,-170.56806186122856,3240.793175363342,2.7027027027026973
2025-02-03,Gaziantep,Galatasaray,0-1,Under 2.5,0.3995807855086745,2.88,2.99,15.079266226498245,64.98508387808836,True,122.17195769080611,3362.9651330541483,-3.6789297658862963
2025-02-07,Samsunspor,Hatayspor,2-0,Under 2.5,0.5262909291070905,2.1,2.26,10.521095112489022,80.41380914737942,True,88.45519006211737,3451.4203231162655,-7.079646017699104
2025-02-08,Sivasspor,Besiktas,0-2,Under 2.5,0.5383317832288794,2.1,2.01,13.049674478064688,102.36343569010025,True,112.59977925911029,3564.0201023753757,4.47761194029852
2025-02-09,Kasimpasa,Rizespor,3-2,Over 2.5,0.6574859256430325,1.67,1.61,9.80014958238642,130.32809745489138,True,87.31982529477722,3651.339927670153,3.7267080745341463
2025-02-09,Alanyaspor,Fenerbahce,0-2,Over 2.5,0.6277464953384524,1.65,1.52,3.578171730844648,50.25046657266787,False,-50.25046657266787,3601.089461097485,8.552631578947366
2025-02-09,Galatasaray,Ad. Demirspor,3-0,Under 2.5,0.22663404455886105,5.0,5.85,13.317022279430525,29.972367864786044,False,-29.972367864786044,3571.117093232699,-14.529914529914523
2025-02-10,Bodrumspor,Goztep,0-0,Under 2.5,0.6232866141404574,1.8,1.54,12.191590545282338,136.05499184359968,True,108.84399347487974,3679.961086707579,16.883116883116877
2025-02-10,Trabzonspor,Eyupspor,1-0,Under 2.5,0.5336453630491692,2.25,2.25,20.070206686063074,147.71515921378077,True,184.64394901722594,3864.605035724805,0.0
2025-02-15,Besiktas,Trabzonspor,2-1,Under 2.5,0.48193722876674494,2.35,2.51,13.255248760185069,94.86352057110405,False,-94.86352057110405,3769.741515153701,-6.374501992031856
2025-02-15,Buyuksehyr,Bodrumspor,0-1,Under 2.5,0.6533299146185222,1.67,1.64,9.106095741293196,128.0881610332735,True,85.81906789229325,3855.5605830459945,1.8292682926829285
2025-02-15,Gaziantep,Sivasspor,2-1,Under 2.5,0.520090381083917,2.0,2.11,4.018076216783406,38.729840702761685,False,-38.729840702761685,3816.830742343233,-5.213270142180093
2025-02-16,Fenerbahce,Kasimpasa,3-1,Over 2.5,0.827884308749991,1.33,1.37,10.108613063748795,190.84153711716166,True,62.977707248663364,3879.8084495918965,-2.919708029197088
2025-02-17,Rizespor,Galatasaray,1-2,Under 2.5,0.40042317663047156,2.6,2.62,4.1100259239226,24.915802043244824,False,-24.915802043244824,3854.892647548652,-0.7633587786259555
2025-02-21,Bodrumspor,Hatayspor,1-0,Under 2.5,0.7457331806131857,1.8,1.84,34.231972510373446,192.7446323774326,True,154.1957059019461,4009.088353450598,-2.1739130434782594
2025-02-21,Eyupspor,Besiktas,1-3,Under 2.5,0.6222415459371515,1.9,1.93,18.225893728058786,200.4544176725299,False,-200.4544176725299,3808.633935778068,-1.5544041450777257
2025-02-23,Kayserispor,Goztep,1-0,Over 2.5,0.6035965423441532,1.9,2.08,14.683343045389098,155.34299614816612,False,-155.34299614816612,3653.290939629902,-8.653846153846157
2025-02-24,Galatasaray,Fenerbahce,0-0,Under 2.5,0.3885869631919333,2.7,2.36,4.918480061822006,26.42446859794802,True,44.921596616511636,3698.2125362464135,14.406779661016955
2025-03-01,Ad. Demirspor,Bodrumspor,0-0,Under 2.5,0.6682952815863097,2.08,2.01,39.00541856995241,184.9106268123207,True,199.70347695730635,3897.91601320372,3.4825870646766344
2025-03-01,Besiktas,Kayserispor,2-0,Under 2.5,0.4396678403807315,2.35,2.51,3.3219424894719074,23.97898671232284,True,32.371632061635836,3930.287645265356,-6.374501992031856
2025-03-02,Fenerbahce,Antalyaspor,3-0,Over 2.5,0.6947539125442194,1.5,1.47,4.21308688163291,82.79321659655675,True,41.396608298278366,3971.6842535636342,2.0408163265306145
2025-03-03,Gaziantep,Eyupspor,3-1,Under 2.5,0.570259513381758,1.95,1.84,11.200605109442808,117.06649195673248,False,-117.06649195673248,3854.6177616069017,5.978260869565211
2025-03-03,Buyuksehyr,Sivasspor,1-0,Over 2.5,0.5275664572985365,1.98,1.93,4.458158545110225,43.83800283684034,False,-43.83800283684034,3810.7797587700616,2.590673575129543
2025-03-03,Goztep,Samsunspor,2-2,Over 2.5,0.500692902116863,2.15,2.25,7.648973955125538,63.36642418163441,True,72.87138780887955,3883.6511465789413,-4.444444444444451
2025-03-07,Bodrumspor,Kasimpasa,1-0,Under 2.5,0.6277363739263827,1.82,1.88,14.248020054601662,168.70225433394344,True,138.33584855383364,4021.986995132775,-3.1914893617021156
2025-03-09,Sivasspor,Goztep,3-1,Over 2.5,0.543421522911982,2.08,2.22,13.031676765692257,121.32693165830602,True,131.03308619097052,4153.020081323745,-6.3063063063063085
2025-03-10,Besiktas,Gaziantep,1-2,Under 2.5,0.4743970782382163,2.35,2.39,11.483313385980832,88.31561313354104,False,-88.31561313354104,4064.7044681902044,-1.673640167364021
2025-03-14,Galatasaray,Antalyaspor,4-0,Under 2.5,0.33906014065515366,3.4,3.08,15.28044782275224,64.69844223030033,False,-64.69844223030033,4000.006025959904,10.389610389610393
2025-03-15,Kasimpasa,Alanyaspor,2-1,Over 2.5,0.6735855970956149,1.58,1.93,6.426524341107176,110.80231073451147,True,64.26534022601665,4064.2713661859207,-18.134715025906733
2025-03-15,Konyaspor,Besiktas,1-0,Under 2.5,0.569214441262951,1.98,1.9,12.704459370064281,131.7203327566957,True,129.08592610156177,4193.357292287483,4.210526315789487
2025-03-16,Fenerbahce,Samsunspor,0-0,Over 2.5,0.619066022444427,1.67,1.75,3.3840257482192992,52.94936212158219,False,-52.94936212158219,4140.4079301659,-4.571428571428571
2025-03-16,Hatayspor,Sivasspor,3-2,Under 2.5,0.5421113863307926,1.98,1.99,7.338054493496937,77.50647708383723,False,-77.50647708383723,4062.901453082063,-0.5025125628140725
2025-03-16,Goztep,Eyupspor,1-1,Over 2.5,0.5206013726764677,1.98,1.92,3.0790717899406017,31.91317665687158,False,-31.91317665687158,4030.9882764251915,3.125
2025-03-16,Rizespor,Bodrumspor,0-2,Under 2.5,0.7487172236910751,1.7,1.72,27.28192802748275,201.54941382125958,True,141.08458967488167,4172.072866100073,-1.1627906976744207
2025-03-28,Kayserispor,Hatayspor,5-0,Under 2.5,0.4892776444739174,2.3,2.43,12.533858229000995,100.56186504761571,False,-100.56186504761571,4071.5110010524572,-5.3497942386831365
2025-03-28,Bodrumspor,Fenerbahce,2-4,Under 2.5,0.6890509456517062,1.85,2.18,27.474424945565644,203.57555005262287,False,-203.57555005262287,3867.9354509998343,-15.13761467889908
2025-03-29,Samsunspor,Kasimpasa,0-2,Over 2.5,0.6233520868577446,1.9,1.88,18.436896502971468,193.39677254999174,False,-193.39677254999174,3674.5386784498423,1.0638297872340496
2025-03-29,Trabzonspor,Goztep,1-1,Over 2.5,0.6397499299120978,1.88,1.96,20.272986823474383,183.72693392249212,False,-183.72693392249212,3490.81174452735,-4.081632653061229
2025-03-29,Besiktas,Galatasaray,2-1,Under 2.5,0.504432602560218,2.3,2.34,16.019498588850144,107.54048810653347,False,-107.54048810653347,3383.271256420817,-1.7094017094017144
2025-04-06,Alanyaspor,Bodrumspor,0-1,Under 2.5,0.7071112938047522,1.65,1.59,16.67336347778412,169.16356282104084,True,109.95631583367651,3493.227572254493,3.7735849056603765
2025-04-06,Hatayspor,Eyupspor,0-1,Under 2.5,0.5278396861385204,2.05,2.63,8.20713565839668,68.26045850272448,True,71.67348142786068,3564.901053682354,-22.0532319391635
2025-04-06,Fenerbahce,Trabzonspor,4-1,Over 2.5,0.6753774168890551,1.53,1.64,3.332744784025432,56.042006567106654,True,29.70226348056653,3594.6033171629206,-6.707317073170726
2025-04-07,Goztep,Gaziantep,1-1,Over 2.5,0.5618540208837398,1.85,1.75,3.9429938634918615,41.68676123900272,False,-41.68676123900272,3552.9165559239177,5.714285714285716
2025-04-11,Samsunspor,Galatasaray,0-2,Under 2.5,0.49368589692972986,2.1,2.3,3.67403835524327,29.66716295328021,True,32.63387924860824,3585.550435172526,-8.695652173913038
2025-04-12,Besiktas,Buyuksehyr,0-2,Under 2.5,0.54500205537714,2.03,2.1,10.63541724155941,92.55782747260857,True,95.33456229678681,3680.8849974693126,-3.3333333333333437
2025-04-12,Bodrumspor,Antalyaspor,0-0,Under 2.5,0.7451282365586381,1.65,1.7,22.946159032175295,184.04424987346565,True,119.62876241775265,3800.513759887065,-2.941176470588236
2025-04-13,Trabzonspor,Rizespor,2-0,Over 2.5,0.6345641287918198,1.67,1.81,5.972209508233894,84.69203139168397,False,-84.69203139168397,3715.821728495381,-7.734806629834257
2025-04-13,Gaziantep,Hatayspor,2-1,Under 2.5,0.5007910940793681,2.4,2.96,20.189862579048334,133.96773226172073,False,-133.96773226172073,3581.8539962336604,-18.918918918918926
2025-04-13,Kayserispor,Kasimpasa,1-0,Over 2.5,0.6669785790557539,1.7,1.6,13.386358439478151,171.2427909695036,False,-171.2427909695036,3410.611205264157,6.25
2025-04-14,Eyupspor,Ad. Demirspor,6-0,Under 2.5,0.39547773917399187,3.1,3.49,22.59809914393749,91.75396447378995,False,-91.75396447378995,3318.857240790367,-11.174785100286533
2025-04-18,Galatasaray,Bodrumspor,2-0,Under 2.5,0.5997310214101021,2.35,2.28,40.936790031374,165.94286203951836,True,224.0228637533498,3542.8801045437167,3.070175438596512
2025-04-18,Hatayspor,Konyaspor,2-3,Under 2.5,0.5793304678812239,2.05,2.55,18.762745915650882,158.27180764563911,False,-158.27180764563911,3384.6082968980777,-19.6078431372549
2025-04-19,Kasimpasa,Sivasspor,3-1,Over 2.5,0.6638248256604634,1.65,1.63,9.531096233976456,124.0731822771182,True,80.64756848012684,3465.2558653782044,1.2269938650306678
2025-04-20,Fenerbahce,Kayserispor,3-3,Over 2.5,0.7364479085840515,1.4,1.35,3.1027072017671964,67.19796455921883,True,26.87918582368752,3492.1350512018917,3.703703703703698
2025-04-25,Besiktas,Hatayspor,5-1,Under 2.5,0.4535742028013042,3.6,3.94,63.28671300846953,174.6067525600946,False,-174.6067525600946,3317.528298641797,-8.629441624365475
2025-04-26,Bodrumspor,Samsunspor,1-2,Under 2.5,0.7997296188495471,1.5,1.53,19.95944282743207,165.87641493208986,False,-165.87641493208986,3151.651883709707,-1.9607843137254943
2025-04-27,Konyaspor,Ad. Demirspor,3-1,Under 2.5,0.4282692583134756,3.1,3.09,32.76347007717744,122.9274430780987,False,-122.9274430780987,3028.724440631608,0.3236245954692629
2025-04-27,Trabzonspor,Alanyaspor,4-3,Over 2.5,0.5821452505649212,1.8,1.7,4.786145101685824,45.29973326839085,True,36.239786614712685,3064.9642272463207,5.882352941176472
2025-04-27,Eyupspor,Galatasaray,1-5,Under 2.5,0.5103847227114138,2.3,2.49,17.388486223625165,102.49055431033956,False,-102.49055431033956,2962.473672935981,-7.63052208835343
2025-04-28,Goztep,Buyuksehyr,4-1,Over 2.5,0.5127196016679372,2.08,2.08,6.6456771469309395,45.57324904309076,True,49.21910896653802,3011.692781902519,0.0
2025-05-03,Rizespor,Gaziantep,2-0,Under 2.5,0.5090859160291931,2.1,2.45,6.90804236613054,47.283866661709496,True,52.012253327880444,3063.7050352303995,-14.28571428571429
2025-05-03,Galatasaray,Sivasspor,4-1,Under 2.5,0.3065588331958585,3.5,4.31,7.29559161855049,22.351540776737803,False,-22.351540776737803,3041.353494453662,-18.793503480278417
2025-05-03,Hatayspor,Buyuksehyr,2-4,Under 2.5,0.47712832733965416,2.4,3.02,14.510798561517003,78.80797841496941,False,-78.80797841496941,2962.5455160386923,-20.529801324503318
2025-05-05,Kasimpasa,Trabzonspor,1-1,Over 2.5,0.6887379197199299,1.54,1.42,6.065639636869213,83.19321068571041,False,-83.19321068571041,2879.352305352982,8.450704225352123
2025-05-09,Gaziantep,Alanyaspor,0-1,Under 2.5,0.49573298130799015,2.1,2.17,4.103926074677933,26.856020463913904,True,29.5416225103053,2908.8939278632874,-3.2258064516129004
2025-05-10,Konyaspor,Rizespor,2-1,Under 2.5,0.5454742002675733,1.9,2.0,3.640098050838936,29.412941991423157,False,-29.412941991423157,2879.4809858718645,-5.000000000000004
2025-05-10,Trabzonspor,Galatasaray,0-2,Under 2.5,0.40081021352843216,3.1,2.59,24.25116619381398,83.13187135750702,True,174.57692985076477,3054.0579157226293,19.691119691119695
2025-05-11,Sivasspor,Bodrumspor,0-0,Under 2.5,0.7220962154430028,1.75,1.71,26.3668377025255,152.70289578613148,True,114.52717183959862,3168.585087562228,2.3391812865497075
2025-05-11,Besiktas,Ad. Demirspor,4-1,Under 2.5,0.36717075681308664,4.33,5.21,58.98493770006652,140.31440990031368,False,-140.31440990031368,3028.2706776619143,-16.890595009596932
2025-05-11,Goztep,Hatayspor,1-1,Under 2.5,0.36507998856996815,3.4,3.42,24.127196113789175,76.10800054748567,True,182.65920131396558,3210.92987897588,-0.5847953216374324
2025-05-17,Ad. Demirspor,Hatayspor,0-5,Under 2.5,0.37585522979197883,4.2,3.44,57.859196512631115,145.14204910620649,False,-145.14204910620649,3065.7878298696737,22.09302325581397
2025-05-18,Rizespor,Goztep,6-3,Under 2.5,0.47423266330383296,2.25,2.03,6.702349243362415,41.09596148367341,False,-41.09596148367341,3024.6918683860004,10.83743842364533
2025-05-18,Bodrumspor,Trabzonspor,1-1,Under 2.5,0.72685879860844,1.95,1.93,41.73746572864581,151.2345934193,True,143.672863748335,3168.3647321343356,1.0362694300518172
2025-05-18,Samsunspor,Sivasspor,1-0,Under 2.5,0.5179886083407739,2.05,2.07,6.187664709858631,46.67804438330554,True,49.01194660247081,3217.3766787368063,-0.9661835748792313
2025-05-18,Kasimpasa,Buyuksehyr,2-3,Over 2.5,0.6512060466108784,1.67,1.48,8.751409784016694,105.06187218344935,True,70.39145436291106,3287.7681330997175,12.837837837837828
2025-05-18,Alanyaspor,Besiktas,1-1,Under 2.5,0.5329158138508123,2.15,2.08,14.57689997792464,104.18579831913611,True,119.81366806700653,3407.581801166724,3.3653846153846034
2025-05-18,Fenerbahce,Eyupspor,2-1,Under 2.5,0.3171515888224654,3.4,3.2,7.831540199638232,27.79855610353426,False,-27.79855610353426,3379.7832450631895,6.25
2025-05-18,Antalyaspor,Gaziantep,0-0,Under 2.5,0.5487106439117264,2.1,1.97,15.229235221462556,116.98071371960305,True,128.67878509156336,3508.462030154753,6.598984771573613
2025-05-18,Galatasaray,Kayserispor,3-0,Under 2.5,0.30212634087791745,3.6,3.93,8.765482716050288,29.57054162042326,False,-29.57054162042326,3478.8914885343297,-8.3969465648855
2025-05-24,Eyupspor,Antalyaspor,2-1,Under 2.5,0.5186760289643084,2.08,2.2,7.884614024576164,63.494714399250896,False,-63.494714399250896,3415.396774135079,-5.454545454545457
2025-05-24,Gaziantep,Kasimpasa,2-2,Under 2.5,0.40217677753674164,2.6,2.78,4.565962159552828,24.36651942274932,False,-24.36651942274932,3391.0302547123297,-6.474820143884886
2025-05-24,Goztep,Galatasaray,0-2,Under 2.5,0.36361372094653843,2.88,2.86,4.72075163260306,21.287515440345214,True,40.020529027848994,3431.0507837401788,0.6993006993007089
2025-05-25,Besiktas,Rizespor,1-2,Under 2.5,0.45994883254199914,2.35,2.98,8.087975647369806,51.38936145144379,False,-51.38936145144379,3379.661422288735,-21.140939597315434
2025-05-25,Buyuksehyr,Ad. Demirspor,2-3,Under 2.5,0.29565116490933085,5.5,5.9,62.60814070013196,117.55239880303405,False,-117.55239880303405,3262.109023485701,-6.779661016949157
2025-05-25,Kayserispor,Bodrumspor,1-1,Under 2.5,0.7469465225999613,1.85,2.06,38.185106680992845,163.10545117428507,True,138.6396334981423,3400.7486569838434,-10.194174757281548
2025-05-25,Konyaspor,Alanyaspor,1-2,Under 2.5,0.5441488094581537,1.95,1.88,6.10901784433997,54.67166902534076,False,-54.67166902534076,3346.0769879585027,3.7234042553191626
2025-05-25,Trabzonspor,Samsunspor,2-2,Under 2.5,0.5069771214848586,2.15,2.06,9.000081119244596,65.46731374535685,False,-65.46731374535685,3280.609674213146,4.3689320388349495
2025-05-26,Hatayspor,Fenerbahce,4-2,Under 2.5,0.29337344901493445,4.2,4.74,23.216848586272466,59.504232872552556,False,-59.504232872552556,3221.105441340593,-11.392405063291145
2025-05-30,Antalyaspor,Trabzonspor,0-2,Under 2.5,0.49224615198622823,2.25,2.09,10.75538419690134,69.28845312069515,True,86.61056640086895,3307.716007741462,7.655502392344515
2025-05-30,Galatasaray,Buyuksehyr,2-0,Under 2.5,0.3579856998131006,2.88,3.33,3.0998815461729556,13.635010388801431,True,25.63381953094669,3333.3498272724087,-13.51351351351352
2025-05-31,Fenerbahce,Konyaspor,2-1,Under 2.5,0.3501860097657664,3.1,3.25,8.557663027387585,33.959148302616576,False,-33.959148302616576,3299.390678969792,-4.61538461538461
2025-05-31,Rizespor,Hatayspor,5-2,Under 2.5,0.39815064013910617,3.6,5.39,43.33423045007822,137.47745771857407,False,-137.47745771857407,3161.913221251218,-33.20964749536177
2025-05-31,Ad. Demirspor,Gaziantep,2-2,Under 2.5,0.4261740492693272,4.0,3.82,70.46961970773089,158.0956610625609,False,-158.0956610625609,3003.8175601886574,4.712041884816753
2025-05-31,Alanyaspor,Sivasspor,2-0,Under 2.5,0.4805751362293663,2.2,2.72,5.726529970460592,35.83635684211706,True,43.00362821054048,3046.821188399198,-19.11764705882353
2025-06-01,Bodrumspor,Besiktas,0-4,Under 2.5,0.7820980093730439,2.15,2.48,68.15107201520443,152.34105941995992,False,-152.34105941995992,2894.480128979238,-13.306451612903224
2025-06-01,Samsunspor,Kayserispor,2-1,Under 2.5,0.5228688155662486,2.35,2.82,22.87417165806844,122.60895431692434,False,-122.60895431692434,2771.871174662314,-16.666666666666664
