match_date,home,away,score,selection,p_raw,p_calibrated,market_odds,closing_odds,edge_pct,stake,won,pnl,bankroll_after,clv_pct
2023-08-12,Konyaspor,Istanbulspor,1-1,Over 2.5,0.544624017548125,0.6527710010290427,1.67,1.71,9.012757171850128,269.03752751791444,False,-269.03752751791444,9730.962472482086,-2.3391812865497075
2023-08-14,Karagumruk,Besiktas,0-1,Over 2.5,0.6442084569575157,0.7759598168590416,1.44,1.63,11.738213627701978,291.9288741744626,False,-291.9288741744626,9439.033598307624,-11.65644171779141
2023-08-14,Alanyaspor,Buyuksehyr,2-0,Over 2.5,0.5340348008432413,0.6384035039760041,1.73,1.95,10.443806187848704,270.0806506885398,False,-270.0806506885398,9168.952947619084,-11.282051282051286
2023-08-18,Antalyaspor,Konyaspor,1-1,Under 2.5,0.5682454573799336,0.5338051260213011,2.0,1.93,6.761025204260229,123.9830439510575,True,123.9830439510575,9292.93599157014,3.62694300518136
2023-08-26,Trabzonspor,Rizespor,2-3,Over 2.5,0.6289415168181433,0.7142450200762644,1.57,1.86,12.136468151973512,278.78807974710423,True,158.90920545584942,9451.84519702599,-15.591397849462362
2023-08-27,Karagumruk,Ankaragucu,1-1,Over 2.5,0.5946853800432873,0.6739360052929446,1.65,1.86,11.199440873335863,283.5553559107797,False,-283.5553559107797,9168.289841115211,-11.290322580645174
2023-09-02,Buyuksehyr,Konyaspor,0-1,Under 2.5,0.6283400806257603,0.611732202157991,1.83,1.83,11.946992994912353,263.93613134248073,True,219.06698901425904,9387.35683012947,0.0
2023-09-02,Antalyaspor,Kayserispor,1-1,Over 2.5,0.541044286404421,0.5968035672680901,1.8,1.85,7.424642108256219,174.24441201551497,False,-174.24441201551497,9213.112418113957,-2.7027027027027084
2023-09-03,Hatayspor,Ad. Demirspor,3-3,Over 2.5,0.6217300215202893,0.690023569755015,1.53,1.62,5.573606172517298,193.77456694979514,True,102.70052048339141,9315.812938597348,-5.555555555555558
2023-09-16,Kayserispor,Gaziantep,2-0,Over 2.5,0.5757745948841698,0.6276724962308425,1.75,1.9,9.842686840397441,244.5136784488969,False,-244.5136784488969,9071.299260148451,-7.894736842105255
2023-09-17,Istanbulspor,Buyuksehyr,0-2,Under 2.5,0.570066408140018,0.583890568403983,1.93,1.88,12.690879701968715,247.57584441097168,True,230.24553530220368,9301.544795450654,2.659574468085113
2023-09-17,Trabzonspor,Besiktas,3-0,Over 2.5,0.5862193131849811,0.6422443145055448,1.73,1.74,11.108266409459233,279.0463438635196,True,203.7038310203693,9505.248626471024,-0.5747126436781658
2023-09-18,Sivasspor,Ankaragucu,1-3,Under 2.5,0.5650011367339471,0.5765248016833757,1.88,1.84,8.386662716474635,181.17571424192317,False,-181.17571424192317,9324.072912229101,2.1739130434782483
2023-09-24,Kasimpasa,Ad. Demirspor,2-1,Over 2.5,0.6964027498462388,0.7459814566096037,1.5,1.5,11.897218491440542,279.722187366873,True,139.86109368343654,9463.934005912537,0.0
2023-09-24,Ankaragucu,Konyaspor,1-1,Under 2.5,0.5884083248090191,0.5744816336512172,1.98,1.96,13.74736346294101,265.518654221565,True,260.2082811371337,9724.14228704967,1.0204081632652962
2023-09-25,Hatayspor,Trabzonspor,3-2,Over 2.5,0.6186883430720934,0.6627796283115703,1.73,1.9,14.660875697901666,291.72426861149006,True,212.95871608638777,9937.101003136058,-8.947368421052627
2023-09-30,Sivasspor,Hatayspor,0-0,Over 2.5,0.5232765024640529,0.5644558403765169,1.95,1.97,10.06888887342079,210.64329626217943,False,-210.64329626217943,9726.457706873878,-1.0152284263959421
2023-09-30,Istanbulspor,Antalyaspor,1-2,Under 2.5,0.5355312507939183,0.5109368670988441,2.08,2.08,6.274868356559571,113.02266978940365,False,-113.02266978940365,9613.435037084475,0.0
2023-10-01,Fenerbahce,Rizespor,5-0,Over 2.5,0.6566181630456691,0.7257937378730204,1.53,1.46,11.046441894572112,288.40305111253423,True,152.85361708964314,9766.288654174117,4.794520547945202
2023-10-07,Antalyaspor,Galatasaray,0-2,Under 2.5,0.5200712371617198,0.48831704086275474,2.25,2.35,9.871334194119807,154.2500786265494,True,192.81259828318673,9959.101252457303,-4.255319148936176
2023-10-08,Kasimpasa,Fenerbahce,0-2,Over 2.5,0.6933094857573333,0.7605773777883224,1.5,1.51,14.086606668248347,298.7730375737191,False,-298.7730375737191,9660.328214883584,-0.6622516556291425
2023-10-21,Galatasaray,Besiktas,2-1,Under 2.5,0.49452733447931063,0.4648461535179783,2.35,2.51,9.238846076724915,132.22264507844756,False,-132.22264507844756,9528.105569805137,-6.374501992031856
2023-10-22,Istanbulspor,Ankaragucu,2-1,Under 2.5,0.5475519489861699,0.5291848115243257,2.05,2.05,8.482886362486774,153.95397485416035,False,-153.95397485416035,9374.151594950976,0.0
2023-10-22,Fenerbahce,Hatayspor,4-2,Over 2.5,0.7342577869858591,0.7934599390633527,1.44,1.4,14.258231225122774,281.22454784852926,True,123.73880105335286,9497.890396004328,2.857142857142869
2023-10-23,Karagumruk,Ad. Demirspor,2-0,Over 2.5,0.6726653335547239,0.7285214313684891,1.53,1.65,11.46377899937885,284.93671188012985,False,-284.93671188012985,9212.953684124199,-7.2727272727272645
2023-10-27,Hatayspor,Kayserispor,1-2,Over 2.5,0.5391185415409089,0.5754989170973566,1.88,1.9,8.193796414303023,171.5660610502652,True,150.97813372423337,9363.931817848432,-1.0526315789473717
2023-10-28,Alanyaspor,Sivasspor,1-2,Over 2.5,0.5593101250912644,0.5974357976629,1.83,2.0,9.330750972310708,210.53618292539852,True,174.7450318280808,9538.676849676513,-8.499999999999996
2023-10-29,Antalyaspor,Buyuksehyr,1-0,Under 2.5,0.6520432189895271,0.6501749109034656,1.73,1.77,12.480259586299546,286.16030549029534,True,208.8970230079156,9747.573872684428,-2.259887005649719
2023-11-04,Fenerbahce,Trabzonspor,2-3,Over 2.5,0.6635228481489037,0.7074550134131494,1.53,1.56,8.240617052211864,292.42721618053287,True,154.9864245756824,9902.56029726011,-1.9230769230769273
2023-11-05,Konyaspor,Karagumruk,1-1,Over 2.5,0.5260705992782638,0.5450220574760912,1.98,2.11,7.914367380266052,159.94387795459843,False,-159.94387795459843,9742.616419305512,-6.16113744075829
2023-11-06,Gaziantep,Rizespor,2-0,Under 2.5,0.5674622258668882,0.5692796137517928,1.93,1.82,9.870965454096003,206.81511851069533,True,192.33806021494664,9934.954479520458,6.043956043956045
2023-11-10,Ankaragucu,Antalyaspor,0-4,Under 2.5,0.5753850232392674,0.5789491012592802,1.83,1.84,5.947685530448288,142.38550603254512,False,-142.38550603254512,9792.568973487912,-0.5434782608695676
2023-11-10,Trabzonspor,Konyaspor,2-1,Over 2.5,0.5376401498289444,0.5590684984263068,1.88,1.94,5.104877704145672,113.61333413424346,True,99.97973403813423,9892.548707526046,-3.0927835051546393
2023-11-11,Kasimpasa,Kayserispor,3-4,Over 2.5,0.627788096829488,0.6412418122672473,1.73,1.64,10.934833522233788,296.3654061024282,True,216.34674645477264,10108.895453980818,5.487804878048785
2023-11-11,Karagumruk,Sivasspor,3-0,Over 2.5,0.5369426923028431,0.5531482564021855,2.05,2.08,13.395392562448016,257.9288056739412,True,270.8252459576382,10379.720699938456,-1.4423076923077094
2023-11-12,Besiktas,Buyuksehyr,1-0,Under 2.5,0.5578842224290197,0.5398565253320546,1.98,1.93,6.891592015746828,145.98530673750577,True,143.06560060275564,10522.786300541211,2.590673575129543
2023-11-25,Konyaspor,Kasimpasa,2-0,Over 2.5,0.5716853181799763,0.5854024405109933,1.85,1.81,8.299451494533772,205.49024585573233,False,-205.49024585573233,10317.29605468548,2.20994475138121
2023-11-27,Sivasspor,Trabzonspor,3-3,Over 2.5,0.5397477845421831,0.5560320459495234,1.95,2.03,8.426248960157046,183.02337926826533,True,173.87221030485205,10491.16826499033,-3.9408866995073843
2023-12-01,Hatayspor,Antalyaspor,3-3,Over 2.5,0.5023407700766017,0.5215122219552463,2.05,2.07,6.910005500825478,138.08386746889312,True,144.98806084233775,10636.156325832668,-0.9661835748792313
2023-12-03,Trabzonspor,Kayserispor,0-1,Over 2.5,0.6636587687896586,0.6761225189306466,1.7,1.63,14.940828218209923,319.08468977498,False,-319.08468977498,10317.071636057688,4.294478527607359
2023-12-10,Istanbulspor,Alanyaspor,0-1,Over 2.5,0.5750995829466293,0.5772348024250433,1.95,1.86,12.560786472883457,272.8221765178166,False,-272.8221765178166,10044.249459539871,4.8387096774193505
2023-12-10,Gaziantep,Trabzonspor,1-3,Over 2.5,0.552267163160198,0.5489459024509807,1.98,1.93,8.691288685294186,178.15810546932883,True,174.59494335994228,10218.844402899813,2.590673575129543
2023-12-21,Samsunspor,Konyaspor,1-1,Under 2.5,0.5502067597420337,0.6125603205935,1.85,1.68,13.32365930979751,306.5653320869944,True,260.58053227394527,10479.424935173758,10.119047619047628
2023-12-21,Besiktas,Alanyaspor,1-3,Over 2.5,0.648104332177958,0.6609361807808868,1.65,1.69,9.054469828846322,291.95580584366314,True,189.771273798381,10669.196208972138,-2.3668639053254448
2023-12-23,Sivasspor,Istanbulspor,1-0,Under 2.5,0.49234443195186495,0.534048933338855,2.05,2.16,9.480031334465245,192.6558369040263,True,202.28862874922757,10871.484837721366,-5.092592592592604
2023-12-23,Karagumruk,Gaziantep,0-3,Over 2.5,0.581658025208826,0.5690268819843292,1.98,1.92,12.667322632897182,281.0461345674822,True,275.4252118761326,11146.910049597498,3.125
2023-12-23,Trabzonspor,Buyuksehyr,1-1,Under 2.5,0.5155827256084413,0.5659264357776916,1.93,2.1,9.223802105094482,221.11159651779835,True,205.63378476155245,11352.54383435905,-8.0952380952381
2023-12-24,Fenerbahce,Galatasaray,0-0,Under 2.5,0.46390548289870015,0.49460568520014825,2.3,2.42,13.759307596034098,240.31252709908685,True,312.40628522881286,11664.950119587864,-4.958677685950419
2023-12-24,Konyaspor,Kayserispor,2-0,Under 2.5,0.5083890624689429,0.5561006222631404,1.93,1.77,7.327420096786086,183.81503211672126,True,170.94797986855073,11835.898099456415,9.039548022598876
2024-01-05,Antalyaspor,Alanyaspor,0-0,Over 2.5,0.5533799056095426,0.5296253089595973,2.0,2.21,5.92506179191945,140.2568552042825,False,-140.2568552042825,11695.641244252132,-9.502262443438914
2024-01-06,Buyuksehyr,Ad. Demirspor,0-0,Under 2.5,0.5053695630065989,0.542249164544669,2.1,2.25,13.8723245543805,294.9922385670255,True,324.491462423728,12020.13270667586,-6.666666666666665
2024-01-09,Pendikspor,Antalyaspor,0-1,Over 2.5,0.5625825491031534,0.5409623224502877,1.95,2.07,5.487652877806104,138.8680333461075,False,-138.8680333461075,11881.264673329753,-5.797101449275354
2024-01-09,Kasimpasa,Buyuksehyr,0-3,Under 2.5,0.4713376112556086,0.5007425737967311,2.1,2.22,5.155940497313538,111.38017034276673,False,-111.38017034276673,11769.884502986986,-5.405405405405405
2024-01-10,Hatayspor,Gaziantep,0-0,Under 2.5,0.5145615721413934,0.5533784790632521,1.9,1.78,5.1419110220178865,134.48821967508096,True,121.03939770757285,11890.923900694559,6.741573033707859
2024-01-10,Karagumruk,Kayserispor,4-1,Over 2.5,0.5972820892523797,0.5837727467823787,1.88,2.01,9.74927639508718,263.4725084109533,True,231.8558074016389,12122.779708096197,-6.467661691542281
2024-01-13,Besiktas,Karagumruk,3-0,Over 2.5,0.59534744693063,0.5825591945650794,1.83,1.79,6.608332605409539,193.03942268243188,True,160.22272082641845,12283.002428922615,2.2346368715083775
2024-01-14,Istanbulspor,Konyaspor,0-0,Under 2.5,0.5208166125440366,0.5810712745836042,1.9,1.85,10.403542170884794,283.97051945417064,True,255.5734675087536,12538.575896431368,2.7027027027026973
2024-01-14,Samsunspor,Sivasspor,2-0,Under 2.5,0.5352910307375581,0.6008226881425003,1.8,1.79,8.148083865650047,255.41341989985267,True,204.33073591988216,12742.90663235125,0.5586592178770999
2024-01-14,Gaziantep,Fenerbahce,0-1,Over 2.5,0.6776681066740802,0.6975183657307125,1.57,1.56,9.510383419721858,382.28719897053753,False,-382.28719897053753,12360.619433380713,0.6410256410256387
2024-01-15,Galatasaray,Kayserispor,2-1,Under 2.5,0.39152739635484046,0.39882575680835564,2.88,3.55,14.861817960806412,195.42688925713873,False,-195.42688925713873,12165.192544123574,-18.873239436619716
2024-01-20,Pendikspor,Besiktas,4-0,Over 2.5,0.6560900816926662,0.6560228994525695,1.7,1.67,11.523892906936828,364.9557763237072,True,255.46904342659508,12420.66158755017,1.7964071856287456
2024-01-21,Konyaspor,Antalyaspor,1-1,Under 2.5,0.5933691227291704,0.690378013292978,1.65,1.66,13.91237219334136,372.6198476265051,True,242.20290095722822,12662.864488507399,-0.6024096385542133
2024-01-21,Sivasspor,Gaziantep,2-2,Under 2.5,0.5227803405030307,0.5978484714004196,1.83,1.83,9.406270266276806,287.01283307021555,False,-287.01283307021555,12375.851655437184,0.0
2024-01-23,Pendikspor,Kasimpasa,3-2,Over 2.5,0.6874639964025753,0.6999180950983003,1.62,1.54,13.386731405924657,371.2755496631155,True,230.19084079113168,12606.042496228316,5.1948051948051965
2024-01-24,Antalyaspor,Sivasspor,2-1,Under 2.5,0.5559441323523995,0.6422859291541649,1.75,2.05,12.400037601978875,378.18127488684945,False,-378.18127488684945,12227.861221341467,-14.634146341463406
2024-01-24,Buyuksehyr,Fenerbahce,0-1,Under 2.5,0.4833790298652736,0.5432812598009535,2.08,2.18,13.00250203859834,294.4310934410926,True,317.9855809163801,12545.846802257847,-4.587155963302758
2024-01-25,Samsunspor,Kayserispor,2-0,Under 2.5,0.4652641022176496,0.5177006717749342,2.03,2.14,5.093236370311627,124.07565675653885,True,127.79792645923499,12673.644728717081,-5.140186915887868
2024-01-29,Kayserispor,Antalyaspor,1-1,Under 2.5,0.5090518229043874,0.5585352890759367,1.95,1.9,8.914381369807668,237.8477946468141,True,225.9554049144734,12899.600133631555,2.6315789473684292
2024-01-29,Galatasaray,Gaziantep,2-1,Under 2.5,0.3851139233612296,0.3775331115908853,2.88,3.3,8.729536138174975,119.79523993036518,False,-119.79523993036518,12779.80489370119,-12.72727272727272
2024-02-02,Hatayspor,Karagumruk,3-1,Over 2.5,0.5228321515435937,0.48772548997972237,2.25,2.36,9.738235245437533,199.1243943130496,True,248.905492891312,13028.710386592502,-4.6610169491525415
2024-02-03,Rizespor,Konyaspor,0-0,Under 2.5,0.5368545487480059,0.5879553508376913,1.85,1.95,8.771739904972907,268.9046089609609,True,228.5689176168168,13257.279304209318,-5.128205128205121
2024-02-11,Sivasspor,Rizespor,1-0,Under 2.5,0.5363330284903649,0.5988449466841925,1.88,1.89,12.582849976628196,379.1235376889172,True,333.6287131662471,13590.908017375565,-0.5291005291005346
2024-02-11,Istanbulspor,Gaziantep,1-3,Under 2.5,0.5581047970182106,0.6323751604598844,1.75,1.74,10.665653080479775,386.54909323210376,False,-386.54909323210376,13204.35892414346,0.5747126436781658
2024-02-17,Hatayspor,Sivasspor,1-1,Under 2.5,0.5467398078602662,0.6199485099635762,1.7,1.75,5.3912466938079495,203.39416112469124,True,142.37591278728385,13346.734836930744,-2.857142857142858
2024-02-18,Alanyaspor,Ad. Demirspor,3-3,Over 2.5,0.6117864347921531,0.6331158174669874,1.8,1.77,13.960847144057741,400.4020451079223,True,320.3216360863379,13667.05647301708,1.6949152542372836
2024-02-19,Besiktas,Konyaspor,2-0,Under 2.5,0.49530154308155894,0.5391534041552792,2.08,2.12,12.143908064298081,307.3545876257212,True,331.9429546357789,13998.99942765286,-1.8867924528301883
2024-02-19,Buyuksehyr,Kayserispor,2-3,Under 2.5,0.5134670036706988,0.5680821039446644,2.0,1.98,13.616420788932881,381.2325336619038,False,-381.2325336619038,13617.766893990956,1.0101010101010166
2024-02-24,Kayserispor,Ankaragucu,3-2,Under 2.5,0.53605038319804,0.6022432254959285,1.85,1.74,11.414996716746773,365.75709266901094,False,-365.75709266901094,13252.009801321945,6.321839080459779
2024-02-24,Fenerbahce,Kasimpasa,2-1,Over 2.5,0.8055288574955651,0.886169111421495,1.25,1.39,10.771138927686884,397.56029403965834,True,99.3900735099146,13351.399874831859,-10.071942446043158
2024-02-25,Trabzonspor,Ad. Demirspor,1-0,Over 2.5,0.6235166310058932,0.6474234028730754,1.7,1.68,10.06197848842283,383.8328523739694,False,-383.8328523739694,12967.56702245789,1.1904761904761862
2024-02-25,Istanbulspor,Besiktas,0-2,Under 2.5,0.4706287139347852,0.5004684819384908,2.2,2.35,10.103066026467978,218.35364305090155,True,262.0243716610819,13229.591394118972,-6.382978723404253
2024-03-01,Kasimpasa,Sivasspor,0-0,Over 2.5,0.614724041622857,0.6338984773385176,1.67,1.81,5.861045715532431,231.46041778730049,False,-231.46041778730049,12998.130976331671,-7.734806629834257
2024-03-02,Rizespor,Kayserispor,3-0,Under 2.5,0.47754658674999606,0.5237062302000349,2.08,2.21,8.93089588160727,214.9721377872452,False,-214.9721377872452,12783.158838544427,-5.88235294117646
2024-03-02,Hatayspor,Fenerbahce,0-2,Over 2.5,0.65823498900046,0.6774678497966338,1.57,1.62,6.362452418071496,285.3762802206636,False,-285.3762802206636,12497.782558323763,-3.0864197530864224
2024-03-04,Alanyaspor,Trabzonspor,3-1,Over 2.5,0.6138978922899887,0.6126390534699039,1.83,2.0,12.112946784992417,364.7830724322461,True,302.76995011876426,12800.552508442526,-8.499999999999996
2024-03-09,Trabzonspor,Karagumruk,5-1,Over 2.5,0.5850668126660854,0.5718643770750663,1.93,1.79,10.369824775487801,285.4612613806018,True,265.4789730839596,13066.031481526486,7.8212290502793325
2024-03-09,Konyaspor,Ad. Demirspor,2-2,Under 2.5,0.5081772943248561,0.5873189773363365,1.88,1.62,10.415967739231258,309.30764179854526,False,-309.30764179854526,12756.723839727942,16.049382716049365
2024-03-15,Pendikspor,Istanbulspor,1-0,Under 2.5,0.4453360613215328,0.48059142988245895,2.3,2.08,10.536028872965542,206.77724723049477,True,268.81042139964313,13025.534261127585,10.576923076923062
2024-03-17,Trabzonspor,Fenerbahce,2-3,Over 2.5,0.646402914001472,0.6856485098423586,1.67,1.75,14.503301143673886,390.76602783382754,True,261.81323864866437,13287.34749977625,-4.571428571428571
2024-04-03,Fenerbahce,Ad. Demirspor,4-2,Over 2.5,0.6932774430940009,0.7361509468644863,1.44,1.43,6.005736348486024,362.72866297441453,True,159.60061170874235,13446.948111484991,0.6993006993007089
2024-04-03,Kayserispor,Kasimpasa,0-2,Over 2.5,0.6739923072963137,0.7093885561395716,1.57,1.55,11.374003313912763,403.4084433445497,False,-403.4084433445497,13043.539668140442,1.2903225806451646
2024-04-13,Kasimpasa,Konyaspor,0-2,Over 2.5,0.5933007757558475,0.5896855820492317,1.83,1.81,7.912461515009417,248.69037504496342,False,-248.69037504496342,12794.849293095478,1.104972375690605
2024-04-13,Ankaragucu,Gaziantep,3-1,Under 2.5,0.5622118400608715,0.655511851394617,1.73,1.83,13.40355029126874,383.84547879286436,False,-383.84547879286436,12411.003814302614,-5.464480874316946
2024-04-13,Ad. Demirspor,Kayserispor,0-0,Over 2.5,0.6407548347001676,0.664808550549442,1.67,1.68,11.023027941756801,372.33011442907844,False,-372.33011442907844,12038.673699873536,-0.5952380952380931
2024-04-14,Karagumruk,Fenerbahce,1-2,Over 2.5,0.6457929733205938,0.6726029913305681,1.57,1.74,5.59866963889919,236.49318223191653,True,134.80111387219245,12173.474813745728,-9.770114942528728
2024-04-20,Istanbulspor,Karagumruk,1-2,Under 2.5,0.4916970571010667,0.547833181266582,2.0,2.45,9.566636253316396,232.9184109640279,False,-232.9184109640279,11940.5564027817,-18.36734693877552
2024-04-21,Galatasaray,Pendikspor,4-1,Over 2.5,0.7394150102776438,0.803456604072787,1.36,1.3,9.270098153899031,358.216692083451,True,128.95800915004241,12069.514411931743,4.615384615384621
2024-04-27,Kasimpasa,Samsunspor,1-0,Under 2.5,0.4753760957191653,0.5272576363235086,2.15,2.05,13.36039180955435,280.4407678164714,True,322.50688298894204,12392.021294920685,4.878048780487809
2024-04-27,Sivasspor,Konyaspor,1-0,Under 2.5,0.5773116748826004,0.6831257185868091,1.65,1.71,12.715743566823502,371.76063884762056,True,241.64441525095327,12633.66571017164,-3.508771929824561
2024-05-03,Ankaragucu,Alanyaspor,1-1,Under 2.5,0.46852534931541,0.5157493836172375,2.05,2.05,5.728623641533681,137.8543163171863,True,144.74703213304556,12778.412742304685,0.0
2024-05-12,Karagumruk,Galatasaray,2-3,Under 2.5,0.4357475199116684,0.455251820424458,2.5,2.82,13.812955106114488,235.34352204914143,False,-235.34352204914143,12543.069220255544,-11.347517730496449
2024-05-12,Fenerbahce,Kayserispor,3-0,Over 2.5,0.7275796998676344,0.8228324317802721,1.3,1.3,6.9682161314353674,376.2920766076663,True,112.88762298229989,12655.956843237844,0.0
2024-05-12,Kasimpasa,Antalyaspor,3-1,Under 2.5,0.4319330111881017,0.44804670915327405,2.4,2.63,7.531210196785776,136.1638160398192,False,-136.1638160398192,12519.793027198024,-8.745247148288971
2024-05-18,Rizespor,Kasimpasa,0-0,Over 2.5,0.6691423301751651,0.7339464996659373,1.44,1.39,5.688295951894973,323.7103999780605,False,-323.7103999780605,12196.082627219963,3.597122302158273
2024-05-18,Gaziantep,Karagumruk,3-1,Under 2.5,0.47939913256239886,0.5374829994482762,2.03,2.12,9.10904888800006,215.7178891134655,False,-215.7178891134655,11980.364738106497,-4.245283018867941
2024-05-18,Besiktas,Hatayspor,2-2,Under 2.5,0.4512304747156556,0.4845193719758567,2.25,2.42,9.016858694567764,172.84040952462178,False,-172.84040952462178,11807.524328581874,-7.024793388429751
2024-05-18,Buyuksehyr,Trabzonspor,0-1,Under 2.5,0.4783459224195885,0.5355169838958084,2.08,1.93,11.387532650328147,248.99734965050004,True,268.91713762254005,12076.441466204415,7.772020725388606
2024-08-18,Gaziantep,Samsunspor,0-1,Under 2.5,0.5888019847107049,0.682460657882983,1.67,1.7,13.97092986645816,362.29324398613244,True,242.7364734707087,12319.177939675123,-1.764705882352946
2024-08-25,Kasimpasa,Ad. Demirspor,2-2,Over 2.5,0.6829562812885555,0.7173080234132272,1.53,1.58,9.748127582223765,369.57533819025366,True,195.8749292408345,12515.052868915956,-3.164556962025322
2024-08-25,Rizespor,Fenerbahce,0-5,Over 2.5,0.6348052044650824,0.6503828857749212,1.75,1.72,13.817005010611204,375.4515860674787,True,281.588689550609,12796.641558466565,1.744186046511631
2024-08-31,Rizespor,Kasimpasa,0-1,Over 2.5,0.6396744395244364,0.6640205248964035,1.7,1.72,12.883489232388602,383.8992467539969,False,-383.8992467539969,12412.742311712567,-1.1627906976744207
2024-08-31,Ad. Demirspor,Galatasaray,1-5,Under 2.5,0.39463226288400877,0.3858673348474305,2.88,3.13,11.129792436059983,146.9694100975109,False,-146.9694100975109,12265.772901615057,-7.987220447284349
2024-09-01,Buyuksehyr,Antalyaspor,5-2,Under 2.5,0.535907585260485,0.5945738667352749,1.93,2.02,14.752756279908063,367.9731870484517,False,-367.9731870484517,11897.799714566605,-4.455445544554459
2024-09-14,Sivasspor,Gaziantep,3-2,Under 2.5,0.5448859854473451,0.6073858600288391,1.77,1.84,7.507297225104526,232.00082800523438,False,-232.00082800523438,11665.79888656137,-3.8043478260869623
2024-09-15,Alanyaspor,Hatayspor,0-0,Over 2.5,0.5752873189576754,0.5753566837188079,1.93,2.15,11.04383995772993,277.0649803919304,False,-277.0649803919304,11388.73390616944,-10.232558139534886
2024-09-19,Trabzonspor,Kayserispor,2-2,Over 2.5,0.6180020872682542,0.6400603178439095,1.67,1.7,6.890073079932879,234.23644448184152,True,156.9384178028338,11545.672323972274,-1.764705882352946
2024-09-21,Konyaspor,Sivasspor,0-0,Under 2.5,0.577801777488299,0.65118453745505,1.73,1.75,12.654924979723647,346.3701697191682,True,252.85022389499272,11798.522547867267,-1.1428571428571455
2024-09-22,Ad. Demirspor,Alanyaspor,0-2,Over 2.5,0.6434899972080846,0.6923597929161728,1.65,1.72,14.239365831168493,353.955676436018,False,-353.955676436018,11444.566871431249,-4.069767441860472
2024-09-23,Gaziantep,Trabzonspor,0-0,Over 2.5,0.5707042520260253,0.5807220580009418,1.9,1.78,10.337191020178938,262.8992753182144,False,-262.8992753182144,11181.667596113035,6.741573033707859
2024-09-23,Goztep,Kayserispor,3-0,Under 2.5,0.4892378347535703,0.5144639635721074,2.05,2.12,5.465112532282013,116.39823183110296,False,-116.39823183110296,11065.269364281932,-3.301886792452846
2024-09-27,Sivasspor,Buyuksehyr,1-2,Under 2.5,0.557369515403821,0.6205973129496808,1.7,1.74,5.5015432014457355,173.93159269494566,False,-173.93159269494566,10891.337771586986,-2.298850574712641
2024-09-28,Alanyaspor,Rizespor,1-0,Over 2.5,0.5767411568746359,0.5942974487394864,1.88,2.01,11.727920363023436,290.30168643627576,False,-290.30168643627576,10601.03608515071,-6.467661691542281
2024-09-28,Samsunspor,Goztep,4-3,Under 2.5,0.616815248866265,0.6652388157143656,1.67,1.67,11.094882224299042,318.0310825545213,False,-318.0310825545213,10283.005002596188,0.0
2024-09-30,Kayserispor,Besiktas,0-3,Under 2.5,0.45613893073808287,0.45013198477669747,2.35,2.66,5.78101642252391,88.0684752487468,False,-88.0684752487468,10194.936527347441,-11.654135338345862
2024-10-04,Rizespor,Antalyaspor,2-1,Under 2.5,0.5120984570277965,0.5262220199543095,2.08,2.09,9.454180150496372,178.490308430405,False,-178.490308430405,10016.446218917037,-0.4784688995215225
2024-10-05,Goztep,Sivasspor,3-2,Over 2.5,0.5505065411657066,0.5644191211201536,1.95,2.03,10.061728618429955,212.1742391070357,True,201.5655271516839,10218.011746068722,-3.9408866995073843
2024-10-05,Hatayspor,Trabzonspor,1-1,Over 2.5,0.5272435878268136,0.5344865261615859,2.08,2.0,11.173197441609872,211.42196796206397,False,-211.42196796206397,10006.589778106658,4.0000000000000036
2024-10-19,Antalyaspor,Galatasaray,0-3,Under 2.5,0.43814330435250404,0.41583336169697027,2.7,2.52,12.275007658181991,144.50701901005263,False,-144.50701901005263,9862.082759096606,7.14285714285714
2024-10-20,Besiktas,Konyaspor,2-0,Under 2.5,0.5215581451325004,0.5158561270216603,2.1,2.04,8.329786674548668,149.36190100003463,True,164.29809110003814,10026.380850196643,2.941176470588247
2024-10-20,Alanyaspor,Kasimpasa,1-2,Over 2.5,0.6038169425452433,0.6336336461307446,1.75,2.06,10.88588807288029,291.0561592301629,True,218.2921194226222,10244.672969619265,-15.048543689320393
2024-10-20,Samsunspor,Fenerbahce,2-2,Over 2.5,0.5126096840230459,0.5252767512276116,2.0,2.01,5.055350245522328,103.58082002452143,True,103.58082002452143,10348.253789643786,-0.4975124378109319
2024-10-26,Kasimpasa,Samsunspor,1-4,Over 2.5,0.5185238818988006,0.5330366084828033,2.03,1.93,8.206431522009062,164.8975458195777,True,169.84447219416498,10518.098261837951,5.181347150259064
2024-11-03,Trabzonspor,Fenerbahce,2-3,Over 2.5,0.600576790363174,0.6503034424100819,1.7,1.79,10.55158520971391,315.54294785513855,True,220.880063498597,10738.978325336548,-5.027932960893855
2024-11-08,Kasimpasa,Kayserispor,1-2,Over 2.5,0.6188770017839745,0.6716538679350704,1.65,1.81,10.822888209286607,322.1693497600964,True,209.41007734406259,10948.38840268061,-8.839779005524873
2024-11-09,Rizespor,Trabzonspor,3-1,Over 2.5,0.5471588898071874,0.6057065529111243,1.75,1.79,5.998646759446746,175.13470563441186,True,131.3510292258089,11079.739431906419,-2.2346368715083775
2024-11-10,Fenerbahce,Sivasspor,4-0,Over 2.5,0.6708367338558441,0.7451679337346973,1.48,1.39,10.284854192735192,332.3921829571926,True,159.54824781945246,11239.28767972587,6.474820143884896
2024-11-24,Besiktas,Goztep,2-4,Over 2.5,0.5885552036778656,0.6501022909463758,1.67,1.88,8.56708258804475,287.4265844268822,True,192.57581156601105,11431.863491291882,-11.170212765957444
2024-12-02,Fenerbahce,Gaziantep,3-1,Over 2.5,0.7453656535755576,0.8200072074945133,1.4,1.29,14.801009049231851,342.95590473875643,True,137.18236189550254,11569.045853187385,8.52713178294573
2024-12-07,Besiktas,Fenerbahce,1-0,Over 2.5,0.5799010951964234,0.6445186417370596,1.65,1.61,6.34557588661484,225.8838719911607,False,-225.8838719911607,11343.161981196225,2.4844720496894235
2024-12-13,Kasimpasa,Eyupspor,2-0,Over 2.5,0.5193798996547079,0.5677233648916957,1.85,1.76,5.028822504963704,134.21823117291382,False,-134.21823117291382,11208.94375002331,5.113636363636376
2024-12-14,Alanyaspor,Gaziantep,3-0,Over 2.5,0.5253073852073147,0.578321505318145,1.88,1.6,8.724442999811256,222.25407007992928,True,195.58358167033774,11404.52733169365,17.499999999999982
2024-12-15,Fenerbahce,Buyuksehyr,3-1,Over 2.5,0.6018060416140912,0.6858649555378603,1.57,1.68,7.6807980194440795,307.3539331297136,True,175.19174188393674,11579.719073577586,-6.547619047619035
2024-12-22,Trabzonspor,Bodrumspor,1-0,Under 2.5,0.5348596787957651,0.5194555271896011,2.15,2.09,11.682938345764239,235.27851130065562,True,270.570287995754,11850.28936157334,2.8708133971291794
2025-01-04,Ad. Demirspor,Buyuksehyr,0-1,Over 2.5,0.5742137677450814,0.6507405538748519,1.7,1.66,10.625894158724813,355.50868084720014,False,-355.50868084720014,11494.780680726139,2.4096385542168752
2025-01-05,Kasimpasa,Gaziantep,2-2,Over 2.5,0.6117042341642851,0.7026869538249467,1.62,1.6,13.835286519641388,344.8434204217841,True,213.80292066150616,11708.583601387645,1.2499999999999956
2025-01-11,Hatayspor,Rizespor,1-2,Under 2.5,0.5759228933530449,0.6000567028955903,1.89,1.98,13.410716847266556,351.25750804162936,False,-351.25750804162936,11357.326093346015,-4.545454545454552
2025-01-12,Trabzonspor,Antalyaspor,5-0,Over 2.5,0.602334110694201,0.6819773538144344,1.6,1.49,9.116376610309507,340.7197828003804,True,204.43186968022832,11561.757963026243,7.38255033557047
2025-01-13,Konyaspor,Fenerbahce,2-3,Over 2.5,0.5558985781795471,0.6115796194805614,1.73,1.6,5.803274170137129,183.82479821426668,True,134.19210269641465,11695.950065722658,8.124999999999982
2025-01-18,Buyuksehyr,Rizespor,2-0,Over 2.5,0.5058552122226915,0.5331857481176905,1.98,2.1,5.570778127302711,132.97049551867855,False,-132.97049551867855,11562.97957020398,-5.714285714285716
2025-01-18,Besiktas,Samsunspor,0-0,Under 2.5,0.5581252277597656,0.5568327162468664,2.0,2.29,11.366543249373272,262.8622147526862,True,262.8622147526862,11825.841784956665,-12.66375545851528
2025-01-19,Konyaspor,Kasimpasa,3-3,Over 2.5,0.5521143440818196,0.5972755528565608,1.88,1.86,12.287803937033415,330.25823919073815,True,290.6272504878495,12116.469035444514,1.0752688172043001
2025-01-25,Sivasspor,Kayserispor,5-2,Over 2.5,0.5159126578732347,0.5415967080443194,2.0,1.93,8.319341608863873,201.60208999816854,True,201.60208999816854,12318.071125442682,3.62694300518136
2025-01-26,Antalyaspor,Besiktas,1-1,Under 2.5,0.5341027425267468,0.5284533883941853,2.15,2.31,13.617478504749837,291.72359786207886,True,335.4821375413906,12653.553262984073,-6.926406926406936
2025-01-27,Kasimpasa,Hatayspor,5-4,Over 2.5,0.587213897697318,0.6391094491718285,1.67,1.64,6.731278011695352,254.2524920863905,True,170.3491696978816,12823.902432681954,1.8292682926829285
2025-02-01,Hatayspor,Antalyaspor,2-3,Under 2.5,0.5479256550093494,0.5378404671718295,2.03,2.08,9.18161483588138,228.62938413554977,False,-228.62938413554977,12595.273048546405,-2.4038461538461675
2025-02-01,Kayserispor,Trabzonspor,0-0,Over 2.5,0.6205929750794836,0.6772473459645584,1.62,1.68,9.71407004625846,377.85819145639215,False,-377.85819145639215,12217.414857090012,-3.5714285714285587
2025-02-07,Samsunspor,Hatayspor,2-0,Under 2.5,0.5262909291070905,0.5095266603565219,2.1,2.26,7.000598674869618,155.50766956159404,True,171.05843651775345,12388.473293607765,-7.079646017699104
2025-02-08,Sivasspor,Besiktas,0-2,Under 2.5,0.5383317832288794,0.5304712687203106,2.1,2.01,11.398966431265233,256.7559840153829,True,282.43158241692123,12670.904876024686,4.47761194029852
2025-02-09,Alanyaspor,Fenerbahce,0-2,Over 2.5,0.6277464953384524,0.6676846748408932,1.65,1.52,10.167971348747384,380.1271462807406,False,-380.1271462807406,12290.777729743946,8.552631578947366
2025-02-10,Bodrumspor,Goztep,0-0,Under 2.5,0.6232866141404574,0.633259036885353,1.8,1.54,13.986626639363543,368.72333189231836,True,294.9786655138547,12585.7563952578,16.883116883116877
2025-02-15,Besiktas,Trabzonspor,2-1,Under 2.5,0.48193722876674494,0.45323888596321094,2.35,2.51,6.511138201354583,121.40385075274914,False,-121.40385075274914,12464.35254450505,-6.374501992031856
2025-02-15,Buyuksehyr,Bodrumspor,0-1,Under 2.5,0.6533299146185222,0.6621131265663569,1.67,1.64,10.57289213658159,373.9305763351515,True,250.5334861445515,12714.886030649603,1.8292682926829285
2025-02-22,Antalyaspor,Kasimpasa,2-1,Over 2.5,0.6332631553817251,0.6855966142308448,1.62,1.85,11.066651505396873,381.44658091948804,True,236.4968801700826,12951.382910819686,-12.432432432432428
2025-03-02,Kasimpasa,Galatasaray,3-3,Over 2.5,0.70885625530639,0.7841019295552254,1.4,1.47,9.774270137731556,388.54148732459055,True,155.41659492983615,13106.799505749523,-4.761904761904767
2025-03-03,Konyaspor,Trabzonspor,1-0,Over 2.5,0.5380453562631989,0.5616906125548604,1.88,1.78,5.597835160313758,166.74932525560817,False,-166.74932525560817,12940.050180493914,5.617977528089879
2025-03-03,Buyuksehyr,Sivasspor,1-0,Over 2.5,0.5275664572985365,0.5469987301755261,1.98,1.93,8.305748574754169,219.34041498752015,False,-219.34041498752015,12720.709765506394,2.590673575129543
2025-03-03,Goztep,Samsunspor,2-2,Over 2.5,0.500692902116863,0.5091316602637128,2.15,2.25,9.463306956698258,209.35648907488,True,240.75996243611198,12961.469727942505,-4.444444444444451
2025-03-08,Kayserispor,Buyuksehyr,3-1,Over 2.5,0.5061735440987067,0.5234904777002403,2.03,2.04,6.26856697314877,157.7666816699958,True,162.49968212009563,13123.9694100626,-0.4901960784313819
2025-03-10,Besiktas,Gaziantep,1-2,Under 2.5,0.4743970782382163,0.4494072800564183,2.35,2.39,5.610710813258302,109.0885882694954,False,-109.0885882694954,13014.880821793105,-1.673640167364021
2025-03-15,Gaziantep,Kayserispor,1-0,Over 2.5,0.5427695071700489,0.595856803939453,1.8,1.8,7.254224709101531,236.03217510865795,False,-236.03217510865795,12778.848646684448,0.0
2025-03-15,Buyuksehyr,Trabzonspor,0-3,Over 2.5,0.5500799909356513,0.6061673884160259,1.85,1.97,12.140966856964797,365.05312444603607,True,310.29515577913065,13089.143802463579,-6.091370558375631
2025-03-15,Konyaspor,Besiktas,1-0,Under 2.5,0.569214441262951,0.5665941340599715,1.98,1.9,12.185638543874354,325.5093371951313,True,318.9991504512287,13408.142952914808,4.210526315789487
2025-03-16,Goztep,Eyupspor,1-1,Over 2.5,0.5206013726764677,0.5642491707654476,1.98,1.92,11.721335811558609,320.73744114387284,False,-320.73744114387284,13087.405511770936,3.125
2025-03-28,Antalyaspor,Alanyaspor,2-1,Over 2.5,0.4915350900960055,0.5253375620646412,2.05,2.11,7.694200223251446,191.80403506752384,True,201.3942368209,13288.799748591835,-2.8436018957346043
2025-03-29,Besiktas,Galatasaray,2-1,Under 2.5,0.504432602560218,0.4685201129012383,2.3,2.34,7.759625967284789,158.64017785110914,False,-158.64017785110914,13130.159570740725,-1.7094017094017144
2025-04-05,Rizespor,Sivasspor,1-1,Over 2.5,0.5485586525997276,0.6059853211255997,1.75,1.74,6.047431196979947,211.74329762512588,False,-211.74329762512588,12918.4162731156,0.5747126436781658
2025-04-12,Besiktas,Buyuksehyr,0-2,Under 2.5,0.54500205537714,0.5444440679107746,2.03,2.1,10.522145785887238,263.94069776407855,True,271.85891869700083,13190.2751918126,-3.3333333333333437
2025-04-13,Sivasspor,Fenerbahce,1-3,Over 2.5,0.6332693929631378,0.728338327677505,1.57,1.6,14.349117445368286,395.708255754378,True,225.55370577999554,13415.828897592595,-1.8750000000000044
2025-04-13,Gaziantep,Hatayspor,2-1,Under 2.5,0.5007910940793681,0.4735539822029883,2.4,2.96,13.652955728717187,261.66531143268065,False,-261.66531143268065,13154.163586159915,-18.918918918918926
2025-04-27,Trabzonspor,Alanyaspor,4-3,Over 2.5,0.5821452505649212,0.6256481677091171,1.8,1.7,12.616670187641077,394.6249075847974,True,315.6999260678379,13469.863512227754,5.882352941176472
2025-04-27,Kayserispor,Rizespor,1-0,Over 2.5,0.5430961805650006,0.569378188405781,1.88,1.81,7.043099420286825,215.61269975980449,False,-215.61269975980449,13254.25081246795,3.8674033149171283
2025-04-28,Goztep,Buyuksehyr,4-1,Over 2.5,0.5127196016679372,0.5248318087359343,2.08,2.08,9.165016217074328,224.9544882248877,True,242.95084728287873,13497.201659750828,0.0
2025-05-02,Antalyaspor,Konyaspor,1-0,Under 2.5,0.5792871741924943,0.6106138317436486,1.75,1.78,6.857420555138494,246.81596826246633,True,185.11197619684972,13682.313635947678,-1.6853932584269704
2025-05-03,Rizespor,Gaziantep,2-0,Under 2.5,0.5090859160291931,0.513365037515296,2.1,2.45,7.806657878212175,194.20571188771052,True,213.6262830764816,13895.939919024158,-14.28571428571429
2025-05-03,Hatayspor,Buyuksehyr,2-4,Under 2.5,0.47712832733965416,0.4686989586653739,2.4,3.02,12.487750079689741,247.898606901654,False,-247.898606901654,13648.041312122505,-20.529801324503318
2025-05-09,Gaziantep,Alanyaspor,0-1,Under 2.5,0.49573298130799015,0.506576332339367,2.1,2.17,6.38102979126709,158.34283310017761,True,174.1771164101954,13822.2184285327,-3.2258064516129004
2025-05-10,Eyupspor,Kasimpasa,0-3,Over 2.5,0.646748226723776,0.7061076993166949,1.57,1.61,10.858908792721111,414.66655285598097,True,236.35993512790913,14058.57836366061,-2.4844720496894457
2025-05-10,Konyaspor,Rizespor,2-1,Under 2.5,0.5454742002675733,0.5824259285300721,1.9,2.0,10.6609264207137,333.06104336627425,False,-333.06104336627425,13725.517320294335,-5.000000000000004
2025-05-10,Trabzonspor,Galatasaray,0-2,Under 2.5,0.40081021352843216,0.36234974272966536,3.1,2.59,12.32842024619627,161.15613868669914,True,338.4278912420682,14063.945211536404,19.691119691119695
2025-05-11,Goztep,Hatayspor,1-1,Under 2.5,0.36507998856996815,0.3105388059699238,3.4,3.42,5.5831940297740745,65.43477911676658,True,157.04346988023977,14220.988681416644,-0.5847953216374324
2025-05-18,Rizespor,Goztep,6-3,Under 2.5,0.47423266330383296,0.4705913571021356,2.25,2.03,5.883055347980504,133.86058162524571,False,-133.86058162524571,14087.128099791398,10.83743842364533
2025-05-18,Samsunspor,Sivasspor,1-0,Under 2.5,0.5179886083407739,0.5338362203388755,2.05,2.07,9.436425169469453,253.20405745983234,True,265.86426033282385,14352.992360124223,-0.9661835748792313
2025-05-25,Besiktas,Rizespor,1-2,Under 2.5,0.45994883254199914,0.46659517316433896,2.35,2.98,9.649865693619653,205.1917756692561,False,-205.1917756692561,14147.800584454966,-21.140939597315434
2025-05-30,Kasimpasa,Goztep,1-2,Over 2.5,0.7097256450119469,0.7851945164025426,1.4,1.5,9.927232296355948,424.43401753364896,True,169.77360701345953,14317.574191468426,-6.666666666666677
2025-05-31,Alanyaspor,Sivasspor,2-0,Under 2.5,0.4805751362293663,0.4901847110074147,2.2,2.72,7.840636421631242,187.098156125058,True,224.51778735006965,14542.091978818495,-19.11764705882353
